{"q":{"name":"q","install":{"bytes":124163,"pretty":"121 kB"},"publish":{"bytes":124163,"pretty":"121 kB"}},"qs":{"name":"qs","install":{"bytes":368732,"pretty":"360 kB"},"publish":{"bytes":204887,"pretty":"200 kB"}},"query-string":{"name":"query-string","install":{"bytes":65035,"pretty":"63.5 kB"},"publish":{"bytes":45847,"pretty":"44.8 kB"}},"querystring":{"name":"querystring","install":{"bytes":10263,"pretty":"10.0 kB"},"publish":{"bytes":10263,"pretty":"10.0 kB"}},"quill":{"name":"quill","install":{"bytes":2869833,"pretty":"2.74 MB"},"publish":{"bytes":2291373,"pretty":"2.19 MB"}},"raf":{"name":"raf","install":{"bytes":21167,"pretty":"20.7 kB"},"publish":{"bytes":9017,"pretty":"8.81 kB"}},"ramda":{"name":"ramda","install":{"bytes":1070986,"pretty":"1.02 MB"},"publish":{"bytes":1070986,"pretty":"1.02 MB"}},"randombytes":{"name":"randombytes","install":{"bytes":40090,"pretty":"39.2 kB"},"publish":{"bytes":7155,"pretty":"6.99 kB"}},"randomstring":{"name":"randomstring","install":{"bytes":24082,"pretty":"23.5 kB"},"publish":{"bytes":15905,"pretty":"15.5 kB"}},"raven":{"name":"raven","install":{"bytes":177993,"pretty":"174 kB"},"publish":{"bytes":70799,"pretty":"69.1 kB"}},"raw-body":{"name":"raw-body","install":{"bytes":500982,"pretty":"489 kB"},"publish":{"bytes":23902,"pretty":"23.3 kB"}},"raw-loader":{"name":"raw-loader","install":{"bytes":2066076,"pretty":"1.97 MB"},"publish":{"bytes":10901,"pretty":"10.6 kB"}},"rc":{"name":"rc","install":{"bytes":77393,"pretty":"75.6 kB"},"publish":{"bytes":18147,"pretty":"17.7 kB"}},"rc-slider":{"name":"rc-slider","install":{"bytes":2711562,"pretty":"2.59 MB"},"publish":{"bytes":189019,"pretty":"185 kB"}},"rc-util":{"name":"rc-util","install":{"bytes":387873,"pretty":"379 kB"},"publish":{"bytes":176099,"pretty":"172 kB"}},"react":{"name":"react","install":{"bytes":321297,"pretty":"314 kB"},"publish":{"bytes":291883,"pretty":"285 kB"}},"react-addons-css-transition-group":{"name":"react-addons-css-transition-group","install":{"bytes":465734,"pretty":"455 kB"},"publish":{"bytes":3865,"pretty":"3.77 kB"}},"react-addons-shallow-compare":{"name":"react-addons-shallow-compare","install":{"bytes":21524,"pretty":"21.0 kB"},"publish":{"bytes":14991,"pretty":"14.6 kB"}},"react-apollo":{"name":"react-apollo","install":{"bytes":984009,"pretty":"961 kB"},"publish":{"bytes":13446,"pretty":"13.1 kB"}},"react-app-polyfill":{"name":"react-app-polyfill","install":{"bytes":914539,"pretty":"893 kB"},"publish":{"bytes":7678,"pretty":"7.50 kB"}},"react-bootstrap":{"name":"react-bootstrap","install":{"bytes":5936457,"pretty":"5.66 MB"},"publish":{"bytes":1349076,"pretty":"1.29 MB"}},"react-color":{"name":"react-color","install":{"bytes":9529983,"pretty":"9.09 MB"},"publish":{"bytes":447562,"pretty":"437 kB"}},"react-datepicker":{"name":"react-datepicker","install":{"bytes":8796061,"pretty":"8.39 MB"},"publish":{"bytes":521979,"pretty":"510 kB"}},"react-dev-utils":{"name":"react-dev-utils","install":{"bytes":8344205,"pretty":"7.96 MB"},"publish":{"bytes":115664,"pretty":"113 kB"}},"react-dnd":{"name":"react-dnd","install":{"bytes":1446697,"pretty":"1.38 MB"},"publish":{"bytes":697214,"pretty":"681 kB"}},"react-dnd-html5-backend":{"name":"react-dnd-html5-backend","install":{"bytes":864792,"pretty":"845 kB"},"publish":{"bytes":216588,"pretty":"212 kB"}},"react-dom":{"name":"react-dom","install":{"bytes":3132425,"pretty":"2.99 MB"},"publish":{"bytes":2988980,"pretty":"2.85 MB"}},"react-dropzone":{"name":"react-dropzone","install":{"bytes":702986,"pretty":"687 kB"},"publish":{"bytes":352765,"pretty":"344 kB"}},"react-error-overlay":{"name":"react-error-overlay","install":{"bytes":357825,"pretty":"349 kB"},"publish":{"bytes":357825,"pretty":"349 kB"}},"react-helmet":{"name":"react-helmet","install":{"bytes":293643,"pretty":"287 kB"},"publish":{"bytes":99825,"pretty":"97.5 kB"}},"react-hot-loader":{"name":"react-hot-loader","install":{"bytes":1159182,"pretty":"1.11 MB"},"publish":{"bytes":251881,"pretty":"246 kB"}},"react-icons":{"name":"react-icons","install":{"bytes":44020447,"pretty":"42.0 MB"},"publish":{"bytes":44020447,"pretty":"42.0 MB"}},"react-intl":{"name":"react-intl","install":{"bytes":18599331,"pretty":"17.7 MB"},"publish":{"bytes":252679,"pretty":"247 kB"}},"react-lifecycles-compat":{"name":"react-lifecycles-compat","install":{"bytes":30133,"pretty":"29.4 kB"},"publish":{"bytes":30133,"pretty":"29.4 kB"}},"react-markdown":{"name":"react-markdown","install":{"bytes":2626560,"pretty":"2.50 MB"},"publish":{"bytes":176743,"pretty":"173 kB"}},"react-modal":{"name":"react-modal","install":{"bytes":383093,"pretty":"374 kB"},"publish":{"bytes":184694,"pretty":"180 kB"}},"react-motion":{"name":"react-motion","install":{"bytes":569874,"pretty":"557 kB"},"publish":{"bytes":387819,"pretty":"379 kB"}},"react-native":{"name":"react-native","install":{"bytes":156738463,"pretty":"149 MB"},"publish":{"bytes":35577516,"pretty":"33.9 MB"}},"react-native-vector-icons":{"name":"react-native-vector-icons","install":{"bytes":5567673,"pretty":"5.31 MB"},"publish":{"bytes":4581929,"pretty":"4.37 MB"}},"react-onclickoutside":{"name":"react-onclickoutside","install":{"bytes":65490,"pretty":"64.0 kB"},"publish":{"bytes":65490,"pretty":"64.0 kB"}},"react-redux":{"name":"react-redux","install":{"bytes":2293092,"pretty":"2.19 MB"},"publish":{"bytes":298228,"pretty":"291 kB"}},"react-router":{"name":"react-router","install":{"bytes":671090,"pretty":"655 kB"},"publish":{"bytes":434847,"pretty":"425 kB"}},"react-router-dom":{"name":"react-router-dom","install":{"bytes":823812,"pretty":"805 kB"},"publish":{"bytes":152628,"pretty":"149 kB"}},"react-router-redux":{"name":"react-router-redux","install":{"bytes":60754,"pretty":"59.3 kB"},"publish":{"bytes":60754,"pretty":"59.3 kB"}},"react-scripts":{"name":"react-scripts","install":{"bytes":144592517,"pretty":"138 MB"},"publish":{"bytes":128658,"pretty":"126 kB"}},"react-select":{"name":"react-select","install":{"bytes":3853722,"pretty":"3.68 MB"},"publish":{"bytes":777129,"pretty":"759 kB"}},"react-slick":{"name":"react-slick","install":{"bytes":985326,"pretty":"962 kB"},"publish":{"bytes":764810,"pretty":"747 kB"}},"react-tap-event-plugin":{"name":"react-tap-event-plugin","install":{"bytes":2588517,"pretty":"2.47 MB"},"publish":{"bytes":21571,"pretty":"21.1 kB"}},"react-test-renderer":{"name":"react-test-renderer","install":{"bytes":1664261,"pretty":"1.59 MB"},"publish":{"bytes":1371593,"pretty":"1.31 MB"}},"react-transition-group":{"name":"react-transition-group","install":{"bytes":1864713,"pretty":"1.78 MB"},"publish":{"bytes":242641,"pretty":"237 kB"}},"react-virtualized":{"name":"react-virtualized","install":{"bytes":3848551,"pretty":"3.67 MB"},"publish":{"bytes":2274584,"pretty":"2.17 MB"}},"reactstrap":{"name":"reactstrap","install":{"bytes":6927206,"pretty":"6.61 MB"},"publish":{"bytes":3359324,"pretty":"3.20 MB"}},"read":{"name":"read","install":{"bytes":13769,"pretty":"13.4 kB"},"publish":{"bytes":6255,"pretty":"6.11 kB"}},"read-pkg":{"name":"read-pkg","install":{"bytes":646365,"pretty":"631 kB"},"publish":{"bytes":6831,"pretty":"6.67 kB"}},"read-pkg-up":{"name":"read-pkg-up","install":{"bytes":722907,"pretty":"706 kB"},"publish":{"bytes":7701,"pretty":"7.52 kB"}},"readable-stream":{"name":"readable-stream","install":{"bytes":182672,"pretty":"178 kB"},"publish":{"bytes":123262,"pretty":"120 kB"}},"readline":{"name":"readline","install":{"bytes":1960312,"pretty":"1.87 MB"},"publish":{"bytes":1960312,"pretty":"1.87 MB"}},"readline-sync":{"name":"readline-sync","install":{"bytes":133696,"pretty":"131 kB"},"publish":{"bytes":133696,"pretty":"131 kB"}},"recast":{"name":"recast","install":{"bytes":1883363,"pretty":"1.80 MB"},"publish":{"bytes":235611,"pretty":"230 kB"}},"recompose":{"name":"recompose","install":{"bytes":2961087,"pretty":"2.82 MB"},"publish":{"bytes":200055,"pretty":"195 kB"}},"recursive-readdir":{"name":"recursive-readdir","install":{"bytes":77568,"pretty":"75.8 kB"},"publish":{"bytes":18123,"pretty":"17.7 kB"}},"redis":{"name":"redis","install":{"bytes":786962,"pretty":"769 kB"},"publish":{"bytes":28838,"pretty":"28.2 kB"}},"redux":{"name":"redux","install":{"bytes":346094,"pretty":"338 kB"},"publish":{"bytes":170050,"pretty":"166 kB"}},"redux-actions":{"name":"redux-actions","install":{"bytes":146746,"pretty":"143 kB"},"publish":{"bytes":85349,"pretty":"83.3 kB"}},"redux-form":{"name":"redux-form","install":{"bytes":3261548,"pretty":"3.11 MB"},"publish":{"bytes":1453543,"pretty":"1.39 MB"}},"redux-logger":{"name":"redux-logger","install":{"bytes":142859,"pretty":"140 kB"},"publish":{"bytes":35088,"pretty":"34.3 kB"}},"redux-saga":{"name":"redux-saga","install":{"bytes":1060371,"pretty":"1.01 MB"},"publish":{"bytes":224797,"pretty":"220 kB"}},"redux-thunk":{"name":"redux-thunk","install":{"bytes":32717,"pretty":"32.0 kB"},"publish":{"bytes":32717,"pretty":"32.0 kB"}},"reflect-metadata":{"name":"reflect-metadata","install":{"bytes":293915,"pretty":"287 kB"},"publish":{"bytes":293915,"pretty":"287 kB"}},"regenerator-runtime":{"name":"regenerator-runtime","install":{"bytes":28294,"pretty":"27.6 kB"},"publish":{"bytes":28294,"pretty":"27.6 kB"}},"request":{"name":"request","install":{"bytes":4025453,"pretty":"3.84 MB"},"publish":{"bytes":210129,"pretty":"205 kB"}},"request-promise":{"name":"request-promise","install":{"bytes":2662640,"pretty":"2.54 MB"},"publish":{"bytes":38365,"pretty":"37.5 kB"}},"request-promise-native":{"name":"request-promise-native","install":{"bytes":2000767,"pretty":"1.91 MB"},"publish":{"bytes":9605,"pretty":"9.38 kB"}},"require-all":{"name":"require-all","install":{"bytes":9598,"pretty":"9.37 kB"},"publish":{"bytes":9598,"pretty":"9.37 kB"}},"require-dir":{"name":"require-dir","install":{"bytes":18161,"pretty":"17.7 kB"},"publish":{"bytes":18161,"pretty":"17.7 kB"}},"requireindex":{"name":"requireindex","install":{"bytes":7459,"pretty":"7.28 kB"},"publish":{"bytes":7459,"pretty":"7.28 kB"}}}