{"xmlbuilder":{"name":"xmlbuilder","install":{"bytes":322024,"pretty":"314 kB"},"publish":{"bytes":322024,"pretty":"314 kB"}},"xmldom":{"name":"xmldom","install":{"bytes":91741,"pretty":"89.6 kB"},"publish":{"bytes":91741,"pretty":"89.6 kB"}},"xmlhttprequest":{"name":"xmlhttprequest","install":{"bytes":22527,"pretty":"22.0 kB"},"publish":{"bytes":22527,"pretty":"22.0 kB"}},"xpath":{"name":"xpath","install":{"bytes":236724,"pretty":"231 kB"},"publish":{"bytes":236724,"pretty":"231 kB"}},"xregexp":{"name":"xregexp","install":{"bytes":1688638,"pretty":"1.61 MB"},"publish":{"bytes":792864,"pretty":"774 kB"}},"xtend":{"name":"xtend","install":{"bytes":7261,"pretty":"7.09 kB"},"publish":{"bytes":7261,"pretty":"7.09 kB"}},"yaml":{"name":"yaml","install":{"bytes":449031,"pretty":"439 kB"},"publish":{"bytes":449031,"pretty":"439 kB"}},"yamljs":{"name":"yamljs","install":{"bytes":1001702,"pretty":"0.955 MB"},"publish":{"bytes":694978,"pretty":"679 kB"}},"yargs":{"name":"yargs","install":{"bytes":649201,"pretty":"634 kB"},"publish":{"bytes":297452,"pretty":"290 kB"}}}