{"urllib":{"name":"urllib","install":{"bytes":5281187,"pretty":"5.04 MB"},"publish":{"bytes":110513,"pretty":"108 kB"}},"user":{"name":"user","install":{"bytes":13257,"pretty":"12.9 kB"},"publish":{"bytes":13257,"pretty":"12.9 kB"}},"user-home":{"name":"user-home","install":{"bytes":8873,"pretty":"8.67 kB"},"publish":{"bytes":4753,"pretty":"4.64 kB"}},"utf8":{"name":"utf8","install":{"bytes":11983,"pretty":"11.7 kB"},"publish":{"bytes":11983,"pretty":"11.7 kB"}},"util":{"name":"util","install":{"bytes":2005959,"pretty":"1.91 MB"},"publish":{"bytes":34386,"pretty":"33.6 kB"}},"utils-merge":{"name":"utils-merge","install":{"bytes":4489,"pretty":"4.38 kB"},"publish":{"bytes":4489,"pretty":"4.38 kB"}},"uuid":{"name":"uuid","install":{"bytes":116963,"pretty":"114 kB"},"publish":{"bytes":116942,"pretty":"114 kB"}},"valid-url":{"name":"valid-url","install":{"bytes":18005,"pretty":"17.6 kB"},"publish":{"bytes":18005,"pretty":"17.6 kB"}},"validate-npm-package-name":{"name":"validate-npm-package-name","install":{"bytes":25544,"pretty":"24.9 kB"},"publish":{"bytes":21870,"pretty":"21.4 kB"}},"validator":{"name":"validator","install":{"bytes":646592,"pretty":"631 kB"},"publish":{"bytes":646592,"pretty":"631 kB"}},"verror":{"name":"verror","install":{"bytes":104882,"pretty":"102 kB"},"publish":{"bytes":36576,"pretty":"35.7 kB"}},"vinyl":{"name":"vinyl","install":{"bytes":269308,"pretty":"263 kB"},"publish":{"bytes":25559,"pretty":"25.0 kB"}},"vinyl-buffer":{"name":"vinyl-buffer","install":{"bytes":309550,"pretty":"302 kB"},"publish":{"bytes":5410,"pretty":"5.28 kB"}},"vinyl-fs":{"name":"vinyl-fs","install":{"bytes":1032606,"pretty":"0.985 MB"},"publish":{"bytes":50324,"pretty":"49.1 kB"}},"vinyl-source-stream":{"name":"vinyl-source-stream","install":{"bytes":295537,"pretty":"289 kB"},"publish":{"bytes":8207,"pretty":"8.01 kB"}},"vorpal":{"name":"vorpal","install":{"bytes":5985994,"pretty":"5.71 MB"},"publish":{"bytes":128918,"pretty":"126 kB"}},"vue":{"name":"vue","install":{"bytes":2972197,"pretty":"2.83 MB"},"publish":{"bytes":2972197,"pretty":"2.83 MB"}},"vue-class-component":{"name":"vue-class-component","install":{"bytes":119940,"pretty":"117 kB"},"publish":{"bytes":119940,"pretty":"117 kB"}},"vue-hot-reload-api":{"name":"vue-hot-reload-api","install":{"bytes":11956,"pretty":"11.7 kB"},"publish":{"bytes":11956,"pretty":"11.7 kB"}},"vue-i18n":{"name":"vue-i18n","install":{"bytes":481209,"pretty":"470 kB"},"publish":{"bytes":481209,"pretty":"470 kB"}},"vue-loader":{"name":"vue-loader","install":{"bytes":13151862,"pretty":"12.5 MB"},"publish":{"bytes":72955,"pretty":"71.2 kB"}},"vue-property-decorator":{"name":"vue-property-decorator","install":{"bytes":49823,"pretty":"48.7 kB"},"publish":{"bytes":49823,"pretty":"48.7 kB"}},"vue-router":{"name":"vue-router","install":{"bytes":484711,"pretty":"473 kB"},"publish":{"bytes":484711,"pretty":"473 kB"}},"vue-style-loader":{"name":"vue-style-loader","install":{"bytes":307182,"pretty":"300 kB"},"publish":{"bytes":28391,"pretty":"27.7 kB"}},"vue-template-compiler":{"name":"vue-template-compiler","install":{"bytes":544820,"pretty":"532 kB"},"publish":{"bytes":416791,"pretty":"407 kB"}},"vuex":{"name":"vuex","install":{"bytes":204718,"pretty":"200 kB"},"publish":{"bytes":204718,"pretty":"200 kB"}},"walk":{"name":"walk","install":{"bytes":40916,"pretty":"40.0 kB"},"publish":{"bytes":24057,"pretty":"23.5 kB"}},"warning":{"name":"warning","install":{"bytes":33193,"pretty":"32.4 kB"},"publish":{"bytes":10266,"pretty":"10.0 kB"}},"watch":{"name":"watch","install":{"bytes":90910,"pretty":"88.8 kB"},"publish":{"bytes":27383,"pretty":"26.7 kB"}},"watchify":{"name":"watchify","install":{"bytes":9965749,"pretty":"9.50 MB"},"publish":{"bytes":54583,"pretty":"53.3 kB"}},"web3":{"name":"web3","install":{"bytes":37211429,"pretty":"35.5 MB"},"publish":{"bytes":5714668,"pretty":"5.45 MB"}},"webpack":{"name":"webpack","install":{"bytes":15422823,"pretty":"14.7 MB"},"publish":{"bytes":4183068,"pretty":"3.99 MB"}},"webpack-bundle-analyzer":{"name":"webpack-bundle-analyzer","install":{"bytes":3664540,"pretty":"3.49 MB"},"publish":{"bytes":1256884,"pretty":"1.20 MB"}},"webpack-cli":{"name":"webpack-cli","install":{"bytes":1177815,"pretty":"1.12 MB"},"publish":{"bytes":82623,"pretty":"80.7 kB"}},"webpack-dev-middleware":{"name":"webpack-dev-middleware","install":{"bytes":2359136,"pretty":"2.25 MB"},"publish":{"bytes":49442,"pretty":"48.3 kB"}},"webpack-dev-server":{"name":"webpack-dev-server","install":{"bytes":13838002,"pretty":"13.2 MB"},"publish":{"bytes":462364,"pretty":"452 kB"}},"webpack-hot-middleware":{"name":"webpack-hot-middleware","install":{"bytes":176215,"pretty":"172 kB"},"publish":{"bytes":32431,"pretty":"31.7 kB"}},"webpack-manifest-plugin":{"name":"webpack-manifest-plugin","install":{"bytes":979983,"pretty":"957 kB"},"publish":{"bytes":37549,"pretty":"36.7 kB"}},"webpack-merge":{"name":"webpack-merge","install":{"bytes":140574,"pretty":"137 kB"},"publish":{"bytes":58068,"pretty":"56.7 kB"}},"webpack-node-externals":{"name":"webpack-node-externals","install":{"bytes":18035,"pretty":"17.6 kB"},"publish":{"bytes":18035,"pretty":"17.6 kB"}},"webpack-sources":{"name":"webpack-sources","install":{"bytes":92220,"pretty":"90.1 kB"},"publish":{"bytes":92220,"pretty":"90.1 kB"}},"websocket":{"name":"websocket","install":{"bytes":1618259,"pretty":"1.54 MB"},"publish":{"bytes":154847,"pretty":"151 kB"}},"whatwg-fetch":{"name":"whatwg-fetch","install":{"bytes":55779,"pretty":"54.5 kB"},"publish":{"bytes":55779,"pretty":"54.5 kB"}},"when":{"name":"when","install":{"bytes":1134793,"pretty":"1.08 MB"},"publish":{"bytes":1134793,"pretty":"1.08 MB"}},"which":{"name":"which","install":{"bytes":22609,"pretty":"22.1 kB"},"publish":{"bytes":10880,"pretty":"10.6 kB"}},"winston":{"name":"winston","install":{"bytes":2160054,"pretty":"2.06 MB"},"publish":{"bytes":287033,"pretty":"280 kB"}},"winston-daily-rotate-file":{"name":"winston-daily-rotate-file","install":{"bytes":4600507,"pretty":"4.39 MB"},"publish":{"bytes":35097,"pretty":"34.3 kB"}},"word-wrap":{"name":"word-wrap","install":{"bytes":11809,"pretty":"11.5 kB"},"publish":{"bytes":11809,"pretty":"11.5 kB"}},"workbox-webpack-plugin":{"name":"workbox-webpack-plugin","install":{"bytes":31268092,"pretty":"29.8 MB"},"publish":{"bytes":45833,"pretty":"44.8 kB"}},"wrench":{"name":"wrench","install":{"bytes":39594,"pretty":"38.7 kB"},"publish":{"bytes":39594,"pretty":"38.7 kB"}},"ws":{"name":"ws","install":{"bytes":128296,"pretty":"125 kB"},"publish":{"bytes":128296,"pretty":"125 kB"}},"xhr":{"name":"xhr","install":{"bytes":132555,"pretty":"129 kB"},"publish":{"bytes":22249,"pretty":"21.7 kB"}},"xlsx":{"name":"xlsx","install":{"bytes":18154729,"pretty":"17.3 MB"},"publish":{"bytes":11172004,"pretty":"10.7 MB"}},"xml-js":{"name":"xml-js","install":{"bytes":476910,"pretty":"466 kB"},"publish":{"bytes":421344,"pretty":"411 kB"}}}