{"copy-webpack-plugin":{"name":"copy-webpack-plugin","install":{"bytes":2593951,"pretty":"2.47 MB"},"publish":{"bytes":65755,"pretty":"64.2 kB"}},"core-js":{"name":"core-js","install":{"bytes":818882,"pretty":"800 kB"},"publish":{"bytes":818882,"pretty":"800 kB"}},"cors":{"name":"cors","install":{"bytes":37048,"pretty":"36.2 kB"},"publish":{"bytes":20943,"pretty":"20.5 kB"}},"cosmiconfig":{"name":"cosmiconfig","install":{"bytes":758869,"pretty":"741 kB"},"publish":{"bytes":91831,"pretty":"89.7 kB"}},"coveralls":{"name":"coveralls","install":{"bytes":4891280,"pretty":"4.66 MB"},"publish":{"bytes":34317,"pretty":"33.5 kB"}},"crc":{"name":"crc","install":{"bytes":194801,"pretty":"190 kB"},"publish":{"bytes":94994,"pretty":"92.8 kB"}},"create-hash":{"name":"create-hash","install":{"bytes":256127,"pretty":"250 kB"},"publish":{"bytes":6006,"pretty":"5.87 kB"}},"create-react-class":{"name":"create-react-class","install":{"bytes":113577,"pretty":"111 kB"},"publish":{"bytes":84114,"pretty":"82.1 kB"}},"cron":{"name":"cron","install":{"bytes":5505335,"pretty":"5.25 MB"},"publish":{"bytes":70945,"pretty":"69.3 kB"}},"cross-env":{"name":"cross-env","install":{"bytes":88041,"pretty":"86.0 kB"},"publish":{"bytes":29892,"pretty":"29.2 kB"}},"cross-fetch":{"name":"cross-fetch","install":{"bytes":233057,"pretty":"228 kB"},"publish":{"bytes":74656,"pretty":"72.9 kB"}},"cross-spawn":{"name":"cross-spawn","install":{"bytes":58029,"pretty":"56.7 kB"},"publish":{"bytes":22115,"pretty":"21.6 kB"}},"crypto":{"name":"crypto","install":{"bytes":1780,"pretty":"1.74 kB"},"publish":{"bytes":1780,"pretty":"1.74 kB"}},"crypto-js":{"name":"crypto-js","install":{"bytes":444706,"pretty":"434 kB"},"publish":{"bytes":444706,"pretty":"434 kB"}},"css":{"name":"css","install":{"bytes":917574,"pretty":"896 kB"},"publish":{"bytes":36344,"pretty":"35.5 kB"}},"css-loader":{"name":"css-loader","install":{"bytes":1741717,"pretty":"1.66 MB"},"publish":{"bytes":173625,"pretty":"170 kB"}},"cssnano":{"name":"cssnano","install":{"bytes":7820805,"pretty":"7.46 MB"},"publish":{"bytes":8632,"pretty":"8.43 kB"}},"csv":{"name":"csv","install":{"bytes":6761309,"pretty":"6.45 MB"},"publish":{"bytes":1815501,"pretty":"1.73 MB"}},"csv-parse":{"name":"csv-parse","install":{"bytes":1602644,"pretty":"1.53 MB"},"publish":{"bytes":1602644,"pretty":"1.53 MB"}},"cuid":{"name":"cuid","install":{"bytes":28018,"pretty":"27.4 kB"},"publish":{"bytes":28018,"pretty":"27.4 kB"}},"d3":{"name":"d3","install":{"bytes":4388788,"pretty":"4.19 MB"},"publish":{"bytes":1016501,"pretty":"0.969 MB"}},"d3-array":{"name":"d3-array","install":{"bytes":157176,"pretty":"153 kB"},"publish":{"bytes":145825,"pretty":"142 kB"}},"d3-scale":{"name":"d3-scale","install":{"bytes":670536,"pretty":"655 kB"},"publish":{"bytes":175190,"pretty":"171 kB"}},"d3-selection":{"name":"d3-selection","install":{"bytes":135582,"pretty":"132 kB"},"publish":{"bytes":135582,"pretty":"132 kB"}},"d3-shape":{"name":"d3-shape","install":{"bytes":258729,"pretty":"253 kB"},"publish":{"bytes":238237,"pretty":"233 kB"}},"datafire":{"name":"datafire","install":{"bytes":46007619,"pretty":"43.9 MB"},"publish":{"bytes":14964262,"pretty":"14.3 MB"}},"date-fns":{"name":"date-fns","install":{"bytes":6443558,"pretty":"6.15 MB"},"publish":{"bytes":6443558,"pretty":"6.15 MB"}},"dateformat":{"name":"dateformat","install":{"bytes":20792,"pretty":"20.3 kB"},"publish":{"bytes":20792,"pretty":"20.3 kB"}},"dayjs":{"name":"dayjs","install":{"bytes":624282,"pretty":"610 kB"},"publish":{"bytes":624282,"pretty":"610 kB"}},"deasync":{"name":"deasync","install":{"bytes":7108644,"pretty":"6.78 MB"},"publish":{"bytes":6329945,"pretty":"6.04 MB"}},"debounce":{"name":"debounce","install":{"bytes":12892,"pretty":"12.6 kB"},"publish":{"bytes":12892,"pretty":"12.6 kB"}},"debug":{"name":"debug","install":{"bytes":50121,"pretty":"48.9 kB"},"publish":{"bytes":42364,"pretty":"41.4 kB"}},"decamelize":{"name":"decamelize","install":{"bytes":7888,"pretty":"7.70 kB"},"publish":{"bytes":7888,"pretty":"7.70 kB"}},"decompress":{"name":"decompress","install":{"bytes":998388,"pretty":"975 kB"},"publish":{"bytes":9187,"pretty":"8.97 kB"}},"deep-assign":{"name":"deep-assign","install":{"bytes":8528,"pretty":"8.33 kB"},"publish":{"bytes":5197,"pretty":"5.08 kB"}},"deep-diff":{"name":"deep-diff","install":{"bytes":544096,"pretty":"531 kB"},"publish":{"bytes":544096,"pretty":"531 kB"}},"deep-equal":{"name":"deep-equal","install":{"bytes":2885728,"pretty":"2.75 MB"},"publish":{"bytes":75494,"pretty":"73.7 kB"}},"deep-extend":{"name":"deep-extend","install":{"bytes":10001,"pretty":"9.77 kB"},"publish":{"bytes":10001,"pretty":"9.77 kB"}},"deepmerge":{"name":"deepmerge","install":{"bytes":30933,"pretty":"30.2 kB"},"publish":{"bytes":30933,"pretty":"30.2 kB"}},"del":{"name":"del","install":{"bytes":827604,"pretty":"808 kB"},"publish":{"bytes":12820,"pretty":"12.5 kB"}},"depd":{"name":"depd","install":{"bytes":28076,"pretty":"27.4 kB"},"publish":{"bytes":28076,"pretty":"27.4 kB"}},"detect-port":{"name":"detect-port","install":{"bytes":87539,"pretty":"85.5 kB"},"publish":{"bytes":13729,"pretty":"13.4 kB"}},"diff":{"name":"diff","install":{"bytes":369789,"pretty":"361 kB"},"publish":{"bytes":369789,"pretty":"361 kB"}},"discord.js":{"name":"discord.js","install":{"bytes":6076752,"pretty":"5.80 MB"},"publish":{"bytes":1189224,"pretty":"1.13 MB"}},"dockerode":{"name":"dockerode","install":{"bytes":1899374,"pretty":"1.81 MB"},"publish":{"bytes":147918,"pretty":"144 kB"}},"dom-helpers":{"name":"dom-helpers","install":{"bytes":1468995,"pretty":"1.40 MB"},"publish":{"bytes":127292,"pretty":"124 kB"}},"dot":{"name":"dot","install":{"bytes":74711,"pretty":"73.0 kB"},"publish":{"bytes":74690,"pretty":"72.9 kB"}},"dotenv":{"name":"dotenv","install":{"bytes":25726,"pretty":"25.1 kB"},"publish":{"bytes":25726,"pretty":"25.1 kB"}},"dotenv-expand":{"name":"dotenv-expand","install":{"bytes":16695,"pretty":"16.3 kB"},"publish":{"bytes":16695,"pretty":"16.3 kB"}},"download":{"name":"download","install":{"bytes":1701721,"pretty":"1.62 MB"},"publish":{"bytes":7097,"pretty":"6.93 kB"}},"download-git-repo":{"name":"download-git-repo","install":{"bytes":2037958,"pretty":"1.94 MB"},"publish":{"bytes":19893,"pretty":"19.4 kB"}},"draft-js":{"name":"draft-js","install":{"bytes":3464683,"pretty":"3.30 MB"},"publish":{"bytes":1400695,"pretty":"1.34 MB"}},"echarts":{"name":"echarts","install":{"bytes":45848737,"pretty":"43.7 MB"},"publish":{"bytes":41105255,"pretty":"39.2 MB"}},"ejs":{"name":"ejs","install":{"bytes":572609,"pretty":"559 kB"},"publish":{"bytes":135127,"pretty":"132 kB"}},"elasticsearch":{"name":"elasticsearch","install":{"bytes":4729919,"pretty":"4.51 MB"},"publish":{"bytes":3234254,"pretty":"3.08 MB"}},"electron":{"name":"electron","install":{"bytes":273532200,"pretty":"261 MB"},"publish":{"bytes":269117156,"pretty":"257 MB"}},"element-resize-detector":{"name":"element-resize-detector","install":{"bytes":230948,"pretty":"226 kB"},"publish":{"bytes":219673,"pretty":"215 kB"}},"element-ui":{"name":"element-ui","install":{"bytes":10451181,"pretty":"9.97 MB"},"publish":{"bytes":7781548,"pretty":"7.42 MB"}},"elliptic":{"name":"elliptic","install":{"bytes":305315,"pretty":"298 kB"},"publish":{"bytes":119264,"pretty":"116 kB"}},"ember-cli-babel":{"name":"ember-cli-babel","install":{"bytes":22307402,"pretty":"21.3 MB"},"publish":{"bytes":108833,"pretty":"106 kB"}},"ember-cli-htmlbars":{"name":"ember-cli-htmlbars","install":{"bytes":9099948,"pretty":"8.68 MB"},"publish":{"bytes":54391,"pretty":"53.1 kB"}},"emotion":{"name":"emotion","install":{"bytes":6756,"pretty":"6.60 kB"},"publish":{"bytes":6756,"pretty":"6.60 kB"}},"envify":{"name":"envify","install":{"bytes":337286,"pretty":"329 kB"},"publish":{"bytes":8681,"pretty":"8.48 kB"}},"enzyme":{"name":"enzyme","install":{"bytes":6162514,"pretty":"5.88 MB"},"publish":{"bytes":923949,"pretty":"902 kB"}},"enzyme-adapter-react-16":{"name":"enzyme-adapter-react-16","install":{"bytes":9250273,"pretty":"8.82 MB"},"publish":{"bytes":283735,"pretty":"277 kB"}},"errorhandler":{"name":"errorhandler","install":{"bytes":283447,"pretty":"277 kB"},"publish":{"bytes":16257,"pretty":"15.9 kB"}},"es6-error":{"name":"es6-error","install":{"bytes":10644,"pretty":"10.4 kB"},"publish":{"bytes":10644,"pretty":"10.4 kB"}},"es6-promise":{"name":"es6-promise","install":{"bytes":316244,"pretty":"309 kB"},"publish":{"bytes":316244,"pretty":"309 kB"}},"es6-promisify":{"name":"es6-promisify","install":{"bytes":7260,"pretty":"7.09 kB"},"publish":{"bytes":7260,"pretty":"7.09 kB"}},"es6-shim":{"name":"es6-shim","install":{"bytes":591979,"pretty":"578 kB"},"publish":{"bytes":591979,"pretty":"578 kB"}},"escape-html":{"name":"escape-html","install":{"bytes":4586,"pretty":"4.48 kB"},"publish":{"bytes":4586,"pretty":"4.48 kB"}},"escape-string-regexp":{"name":"escape-string-regexp","install":{"bytes":4808,"pretty":"4.70 kB"},"publish":{"bytes":4808,"pretty":"4.70 kB"}},"escodegen":{"name":"escodegen","install":{"bytes":1496160,"pretty":"1.43 MB"},"publish":{"bytes":108428,"pretty":"106 kB"}},"eslint":{"name":"eslint","install":{"bytes":9565218,"pretty":"9.12 MB"},"publish":{"bytes":2643960,"pretty":"2.52 MB"}},"eslint-config-airbnb":{"name":"eslint-config-airbnb","install":{"bytes":2092850,"pretty":"2.00 MB"},"publish":{"bytes":82300,"pretty":"80.4 kB"}},"eslint-config-airbnb-base":{"name":"eslint-config-airbnb-base","install":{"bytes":2010468,"pretty":"1.92 MB"},"publish":{"bytes":94981,"pretty":"92.8 kB"}},"eslint-config-prettier":{"name":"eslint-config-prettier","install":{"bytes":19386,"pretty":"18.9 kB"},"publish":{"bytes":19350,"pretty":"18.9 kB"}},"eslint-config-react-app":{"name":"eslint-config-react-app","install":{"bytes":25125,"pretty":"24.5 kB"},"publish":{"bytes":20112,"pretty":"19.6 kB"}},"eslint-config-standard":{"name":"eslint-config-standard","install":{"bytes":17329,"pretty":"16.9 kB"},"publish":{"bytes":17329,"pretty":"16.9 kB"}},"eslint-loader":{"name":"eslint-loader","install":{"bytes":2540598,"pretty":"2.42 MB"},"publish":{"bytes":42474,"pretty":"41.5 kB"}},"eslint-plugin-babel":{"name":"eslint-plugin-babel","install":{"bytes":171239,"pretty":"167 kB"},"publish":{"bytes":154050,"pretty":"150 kB"}},"eslint-plugin-flowtype":{"name":"eslint-plugin-flowtype","install":{"bytes":1761053,"pretty":"1.68 MB"},"publish":{"bytes":336385,"pretty":"329 kB"}},"eslint-plugin-import":{"name":"eslint-plugin-import","install":{"bytes":3785731,"pretty":"3.61 MB"},"publish":{"bytes":1039688,"pretty":"0.992 MB"}},"eslint-plugin-jest":{"name":"eslint-plugin-jest","install":{"bytes":3538847,"pretty":"3.37 MB"},"publish":{"bytes":297774,"pretty":"291 kB"}},"eslint-plugin-jsx-a11y":{"name":"eslint-plugin-jsx-a11y","install":{"bytes":7942906,"pretty":"7.57 MB"},"publish":{"bytes":637033,"pretty":"622 kB"}},"eslint-plugin-node":{"name":"eslint-plugin-node","install":{"bytes":1385300,"pretty":"1.32 MB"},"publish":{"bytes":269557,"pretty":"263 kB"}},"eslint-plugin-prettier":{"name":"eslint-plugin-prettier","install":{"bytes":104282,"pretty":"102 kB"},"publish":{"bytes":52858,"pretty":"51.6 kB"}},"eslint-plugin-promise":{"name":"eslint-plugin-promise","install":{"bytes":43290,"pretty":"42.3 kB"},"publish":{"bytes":43290,"pretty":"42.3 kB"}},"eslint-plugin-react":{"name":"eslint-plugin-react","install":{"bytes":3726501,"pretty":"3.55 MB"},"publish":{"bytes":868853,"pretty":"848 kB"}},"eslint-plugin-react-hooks":{"name":"eslint-plugin-react-hooks","install":{"bytes":118196,"pretty":"115 kB"},"publish":{"bytes":118196,"pretty":"115 kB"}},"eslint-plugin-standard":{"name":"eslint-plugin-standard","install":{"bytes":29832,"pretty":"29.1 kB"},"publish":{"bytes":29832,"pretty":"29.1 kB"}},"eslint-plugin-vue":{"name":"eslint-plugin-vue","install":{"bytes":5863466,"pretty":"5.59 MB"},"publish":{"bytes":1084742,"pretty":"1.03 MB"}},"esm":{"name":"esm","install":{"bytes":309553,"pretty":"302 kB"},"publish":{"bytes":309553,"pretty":"302 kB"}},"esprima":{"name":"esprima","install":{"bytes":315160,"pretty":"308 kB"},"publish":{"bytes":315107,"pretty":"308 kB"}},"estraverse":{"name":"estraverse","install":{"bytes":37949,"pretty":"37.1 kB"},"publish":{"bytes":37949,"pretty":"37.1 kB"}},"etag":{"name":"etag","install":{"bytes":11753,"pretty":"11.5 kB"},"publish":{"bytes":11753,"pretty":"11.5 kB"}},"ethereumjs-tx":{"name":"ethereumjs-tx","install":{"bytes":4034127,"pretty":"3.85 MB"},"publish":{"bytes":65781,"pretty":"64.2 kB"}},"ethereumjs-util":{"name":"ethereumjs-util","install":{"bytes":7477921,"pretty":"7.13 MB"},"publish":{"bytes":300916,"pretty":"294 kB"}},"event-stream":{"name":"event-stream","install":{"bytes":127499,"pretty":"125 kB"},"publish":{"bytes":47855,"pretty":"46.7 kB"}},"eventemitter2":{"name":"eventemitter2","install":{"bytes":85841,"pretty":"83.8 kB"},"publish":{"bytes":85841,"pretty":"83.8 kB"}},"eventemitter3":{"name":"eventemitter3","install":{"bytes":38849,"pretty":"37.9 kB"},"publish":{"bytes":38849,"pretty":"37.9 kB"}},"events":{"name":"events","install":{"bytes":83616,"pretty":"81.7 kB"},"publish":{"bytes":83616,"pretty":"81.7 kB"}},"execa":{"name":"execa","install":{"bytes":231285,"pretty":"226 kB"},"publish":{"bytes":57768,"pretty":"56.4 kB"}},"express":{"name":"express","install":{"bytes":1690781,"pretty":"1.61 MB"},"publish":{"bytes":209321,"pretty":"204 kB"}},"express-session":{"name":"express-session","install":{"bytes":261593,"pretty":"255 kB"},"publish":{"bytes":81114,"pretty":"79.2 kB"}},"extend":{"name":"extend","install":{"bytes":24452,"pretty":"23.9 kB"},"publish":{"bytes":24452,"pretty":"23.9 kB"}},"extend-shallow":{"name":"extend-shallow","install":{"bytes":40692,"pretty":"39.7 kB"},"publish":{"bytes":9524,"pretty":"9.30 kB"}},"extract-text-webpack-plugin":{"name":"extract-text-webpack-plugin","install":{"bytes":5175348,"pretty":"4.94 MB"},"publish":{"bytes":48112,"pretty":"47.0 kB"}},"extract-zip":{"name":"extract-zip","install":{"bytes":964102,"pretty":"942 kB"},"publish":{"bytes":11783,"pretty":"11.5 kB"}},"faker":{"name":"faker","install":{"bytes":10069062,"pretty":"9.60 MB"},"publish":{"bytes":10069062,"pretty":"9.60 MB"}},"fancy-log":{"name":"fancy-log","install":{"bytes":44417,"pretty":"43.4 kB"},"publish":{"bytes":7563,"pretty":"7.39 kB"}},"fast-glob":{"name":"fast-glob","install":{"bytes":511202,"pretty":"499 kB"},"publish":{"bytes":87540,"pretty":"85.5 kB"}},"fastclick":{"name":"fastclick","install":{"bytes":35897,"pretty":"35.1 kB"},"publish":{"bytes":35897,"pretty":"35.1 kB"}},"fbjs":{"name":"fbjs","install":{"bytes":2699742,"pretty":"2.57 MB"},"publish":{"bytes":356690,"pretty":"348 kB"}},"figlet":{"name":"figlet","install":{"bytes":6015607,"pretty":"5.74 MB"},"publish":{"bytes":6015607,"pretty":"5.74 MB"}},"figures":{"name":"figures","install":{"bytes":47800,"pretty":"46.7 kB"},"publish":{"bytes":38081,"pretty":"37.2 kB"}},"file-loader":{"name":"file-loader","install":{"bytes":2095489,"pretty":"2.00 MB"},"publish":{"bytes":39010,"pretty":"38.1 kB"}},"file-saver":{"name":"file-saver","install":{"bytes":36803,"pretty":"35.9 kB"},"publish":{"bytes":36803,"pretty":"35.9 kB"}},"file-type":{"name":"file-type","install":{"bytes":384129,"pretty":"375 kB"},"publish":{"bytes":82589,"pretty":"80.7 kB"}},"filesize":{"name":"filesize","install":{"bytes":62641,"pretty":"61.2 kB"},"publish":{"bytes":62641,"pretty":"61.2 kB"}},"finalhandler":{"name":"finalhandler","install":{"bytes":140267,"pretty":"137 kB"},"publish":{"bytes":18072,"pretty":"17.6 kB"}},"find-up":{"name":"find-up","install":{"bytes":55728,"pretty":"54.4 kB"},"publish":{"bytes":17911,"pretty":"17.5 kB"}},"findup-sync":{"name":"findup-sync","install":{"bytes":383446,"pretty":"374 kB"},"publish":{"bytes":7805,"pretty":"7.62 kB"}},"firebase":{"name":"firebase","install":{"bytes":93136978,"pretty":"88.8 MB"},"publish":{"bytes":22520346,"pretty":"21.5 MB"}},"firebase-admin":{"name":"firebase-admin","install":{"bytes":44928033,"pretty":"42.8 MB"},"publish":{"bytes":1170104,"pretty":"1.12 MB"}},"flat":{"name":"flat","install":{"bytes":27373,"pretty":"26.7 kB"},"publish":{"bytes":27359,"pretty":"26.7 kB"}},"fluent-ffmpeg":{"name":"fluent-ffmpeg","install":{"bytes":1506351,"pretty":"1.44 MB"},"publish":{"bytes":789457,"pretty":"771 kB"}},"flux":{"name":"flux","install":{"bytes":1428961,"pretty":"1.36 MB"},"publish":{"bytes":255021,"pretty":"249 kB"}},"follow-redirects":{"name":"follow-redirects","install":{"bytes":27424,"pretty":"26.8 kB"},"publish":{"bytes":27424,"pretty":"26.8 kB"}},"font-awesome":{"name":"font-awesome","install":{"bytes":1342617,"pretty":"1.28 MB"},"publish":{"bytes":1342617,"pretty":"1.28 MB"}},"fork-ts-checker-webpack-plugin":{"name":"fork-ts-checker-webpack-plugin","install":{"bytes":3949191,"pretty":"3.77 MB"},"publish":{"bytes":277142,"pretty":"271 kB"}},"fork-ts-checker-webpack-plugin-alt":{"name":"fork-ts-checker-webpack-plugin-alt","install":{"bytes":5067953,"pretty":"4.83 MB"},"publish":{"bytes":96744,"pretty":"94.5 kB"}},"form-data":{"name":"form-data","install":{"bytes":311794,"pretty":"304 kB"},"publish":{"bytes":44328,"pretty":"43.3 kB"}},"formidable":{"name":"formidable","install":{"bytes":306404,"pretty":"299 kB"},"publish":{"bytes":87952,"pretty":"85.9 kB"}},"fresh":{"name":"fresh","install":{"bytes":11129,"pretty":"10.9 kB"},"publish":{"bytes":11129,"pretty":"10.9 kB"}},"friendly-errors-webpack-plugin":{"name":"friendly-errors-webpack-plugin","install":{"bytes":158871,"pretty":"155 kB"},"publish":{"bytes":26557,"pretty":"25.9 kB"}},"front-matter":{"name":"front-matter","install":{"bytes":773213,"pretty":"755 kB"},"publish":{"bytes":12538,"pretty":"12.2 kB"}},"fs":{"name":"fs","install":{"bytes":1710,"pretty":"1.67 kB"},"publish":{"bytes":1710,"pretty":"1.67 kB"}},"fs-extra":{"name":"fs-extra","install":{"bytes":188550,"pretty":"184 kB"},"publish":{"bytes":132653,"pretty":"130 kB"}}}