{"@alifd/next":{"name":"@alifd/next","install":{"bytes":38755086,"pretty":"37.0 MB"},"publish":{"bytes":32682874,"pretty":"31.2 MB"}},"@angular-devkit/core":{"name":"@angular-devkit/core","install":{"bytes":7934505,"pretty":"7.57 MB"},"publish":{"bytes":438558,"pretty":"428 kB"}},"@angular-devkit/schematics":{"name":"@angular-devkit/schematics","install":{"bytes":8979849,"pretty":"8.56 MB"},"publish":{"bytes":273478,"pretty":"267 kB"}},"@angular/animations":{"name":"@angular/animations","install":{"bytes":2303070,"pretty":"2.20 MB"},"publish":{"bytes":2263273,"pretty":"2.16 MB"}},"@angular/cdk":{"name":"@angular/cdk","install":{"bytes":9660685,"pretty":"9.21 MB"},"publish":{"bytes":9289267,"pretty":"8.86 MB"}},"@angular/common":{"name":"@angular/common","install":{"bytes":11424555,"pretty":"10.9 MB"},"publish":{"bytes":11384766,"pretty":"10.9 MB"}},"@angular/compiler":{"name":"@angular/compiler","install":{"bytes":13449626,"pretty":"12.8 MB"},"publish":{"bytes":13409833,"pretty":"12.8 MB"}},"@angular/compiler-cli":{"name":"@angular/compiler-cli","install":{"bytes":16642335,"pretty":"15.9 MB"},"publish":{"bytes":8104200,"pretty":"7.73 MB"}},"@angular/core":{"name":"@angular/core","install":{"bytes":14686132,"pretty":"14.0 MB"},"publish":{"bytes":14646346,"pretty":"14.0 MB"}},"@angular/forms":{"name":"@angular/forms","install":{"bytes":2383611,"pretty":"2.27 MB"},"publish":{"bytes":2343823,"pretty":"2.24 MB"}},"@angular/http":{"name":"@angular/http","install":{"bytes":1428049,"pretty":"1.36 MB"},"publish":{"bytes":1389183,"pretty":"1.32 MB"}},"@angular/material":{"name":"@angular/material","install":{"bytes":17194358,"pretty":"16.4 MB"},"publish":{"bytes":17154564,"pretty":"16.4 MB"}},"@angular/platform-browser":{"name":"@angular/platform-browser","install":{"bytes":1098690,"pretty":"1.05 MB"},"publish":{"bytes":1058881,"pretty":"1.01 MB"}},"@angular/platform-browser-dynamic":{"name":"@angular/platform-browser-dynamic","install":{"bytes":327976,"pretty":"320 kB"},"publish":{"bytes":288151,"pretty":"281 kB"}},"@angular/platform-server":{"name":"@angular/platform-server","install":{"bytes":1376659,"pretty":"1.31 MB"},"publish":{"bytes":413873,"pretty":"404 kB"}},"@angular/router":{"name":"@angular/router","install":{"bytes":2633160,"pretty":"2.51 MB"},"publish":{"bytes":2593371,"pretty":"2.47 MB"}},"@babel/cli":{"name":"@babel/cli","install":{"bytes":2364968,"pretty":"2.26 MB"},"publish":{"bytes":33460,"pretty":"32.7 kB"}},"@babel/core":{"name":"@babel/core","install":{"bytes":6542986,"pretty":"6.24 MB"},"publish":{"bytes":176485,"pretty":"172 kB"}},"@babel/parser":{"name":"@babel/parser","install":{"bytes":1653734,"pretty":"1.58 MB"},"publish":{"bytes":1653698,"pretty":"1.58 MB"}},"@babel/plugin-proposal-class-properties":{"name":"@babel/plugin-proposal-class-properties","install":{"bytes":4169760,"pretty":"3.98 MB"},"publish":{"bytes":4478,"pretty":"4.37 kB"}},"@babel/plugin-proposal-decorators":{"name":"@babel/plugin-proposal-decorators","install":{"bytes":4185226,"pretty":"3.99 MB"},"publish":{"bytes":13809,"pretty":"13.5 kB"}},"@babel/plugin-proposal-export-default-from":{"name":"@babel/plugin-proposal-export-default-from","install":{"bytes":14707,"pretty":"14.4 kB"},"publish":{"bytes":5035,"pretty":"4.92 kB"}},"@babel/plugin-proposal-export-namespace-from":{"name":"@babel/plugin-proposal-export-namespace-from","install":{"bytes":14906,"pretty":"14.6 kB"},"publish":{"bytes":5428,"pretty":"5.30 kB"}},"@babel/plugin-proposal-object-rest-spread":{"name":"@babel/plugin-proposal-object-rest-spread","install":{"bytes":1811745,"pretty":"1.73 MB"},"publish":{"bytes":22361,"pretty":"21.8 kB"}},"@babel/plugin-syntax-dynamic-import":{"name":"@babel/plugin-syntax-dynamic-import","install":{"bytes":11314,"pretty":"11.0 kB"},"publish":{"bytes":3524,"pretty":"3.44 kB"}},"@babel/plugin-transform-runtime":{"name":"@babel/plugin-transform-runtime","install":{"bytes":6911358,"pretty":"6.59 MB"},"publish":{"bytes":15138,"pretty":"14.8 kB"}},"@babel/polyfill":{"name":"@babel/polyfill","install":{"bytes":2734278,"pretty":"2.61 MB"},"publish":{"bytes":443476,"pretty":"433 kB"}},"@babel/preset-env":{"name":"@babel/preset-env","install":{"bytes":8880156,"pretty":"8.47 MB"},"publish":{"bytes":50254,"pretty":"49.1 kB"}},"@babel/preset-react":{"name":"@babel/preset-react","install":{"bytes":1142497,"pretty":"1.09 MB"},"publish":{"bytes":12923,"pretty":"12.6 kB"}},"@babel/preset-typescript":{"name":"@babel/preset-typescript","install":{"bytes":4224070,"pretty":"4.03 MB"},"publish":{"bytes":14604,"pretty":"14.3 kB"}},"@babel/register":{"name":"@babel/register","install":{"bytes":1120635,"pretty":"1.07 MB"},"publish":{"bytes":10494,"pretty":"10.2 kB"}},"@babel/runtime":{"name":"@babel/runtime","install":{"bytes":178545,"pretty":"174 kB"},"publish":{"bytes":150193,"pretty":"147 kB"}},"@babel/runtime-corejs2":{"name":"@babel/runtime-corejs2","install":{"bytes":2468776,"pretty":"2.35 MB"},"publish":{"bytes":176373,"pretty":"172 kB"}},"@babel/traverse":{"name":"@babel/traverse","install":{"bytes":4034112,"pretty":"3.85 MB"},"publish":{"bytes":152442,"pretty":"149 kB"}},"@babel/types":{"name":"@babel/types","install":{"bytes":1052499,"pretty":"1.00 MB"},"publish":{"bytes":1027718,"pretty":"0.980 MB"}},"@emotion/core":{"name":"@emotion/core","install":{"bytes":17979,"pretty":"17.6 kB"},"publish":{"bytes":17979,"pretty":"17.6 kB"}},"@emotion/styled":{"name":"@emotion/styled","install":{"bytes":4940836,"pretty":"4.71 MB"},"publish":{"bytes":199218,"pretty":"195 kB"}},"@fortawesome/fontawesome-svg-core":{"name":"@fortawesome/fontawesome-svg-core","install":{"bytes":323646,"pretty":"316 kB"},"publish":{"bytes":174681,"pretty":"171 kB"}},"@fortawesome/free-solid-svg-icons":{"name":"@fortawesome/free-solid-svg-icons","install":{"bytes":3237282,"pretty":"3.09 MB"},"publish":{"bytes":3088317,"pretty":"2.95 MB"}},"@fortawesome/react-fontawesome":{"name":"@fortawesome/react-fontawesome","install":{"bytes":192917,"pretty":"188 kB"},"publish":{"bytes":40092,"pretty":"39.2 kB"}},"@jupyterlab/application":{"name":"@jupyterlab/application","install":{"bytes":75040039,"pretty":"71.6 MB"},"publish":{"bytes":244024,"pretty":"238 kB"}},"@material-ui/core":{"name":"@material-ui/core","install":{"bytes":17243976,"pretty":"16.4 MB"},"publish":{"bytes":5967440,"pretty":"5.69 MB"}},"@material-ui/icons":{"name":"@material-ui/icons","install":{"bytes":10336082,"pretty":"9.86 MB"},"publish":{"bytes":10193983,"pretty":"9.72 MB"}},"@oclif/command":{"name":"@oclif/command","install":{"bytes":2957531,"pretty":"2.82 MB"},"publish":{"bytes":62280,"pretty":"60.8 kB"}},"@oclif/config":{"name":"@oclif/config","install":{"bytes":1244752,"pretty":"1.19 MB"},"publish":{"bytes":55194,"pretty":"53.9 kB"}},"@oclif/plugin-help":{"name":"@oclif/plugin-help","install":{"bytes":2957189,"pretty":"2.82 MB"},"publish":{"bytes":32222,"pretty":"31.5 kB"}},"@octokit/rest":{"name":"@octokit/rest","install":{"bytes":4051526,"pretty":"3.86 MB"},"publish":{"bytes":9689,"pretty":"9.46 kB"}},"@phosphor/widgets":{"name":"@phosphor/widgets","install":{"bytes":1348769,"pretty":"1.29 MB"},"publish":{"bytes":750918,"pretty":"733 kB"}},"@polymer/polymer":{"name":"@polymer/polymer","install":{"bytes":1773646,"pretty":"1.69 MB"},"publish":{"bytes":1297621,"pretty":"1.24 MB"}},"@svgr/webpack":{"name":"@svgr/webpack","install":{"bytes":22028054,"pretty":"21.0 MB"},"publish":{"bytes":14932,"pretty":"14.6 kB"}},"@types/bluebird":{"name":"@types/bluebird","install":{"bytes":112991,"pretty":"110 kB"},"publish":{"bytes":112991,"pretty":"110 kB"}},"@types/cordova":{"name":"@types/cordova","install":{"bytes":7084,"pretty":"6.92 kB"},"publish":{"bytes":7084,"pretty":"6.92 kB"}},"@types/express":{"name":"@types/express","install":{"bytes":918566,"pretty":"897 kB"},"publish":{"bytes":13107,"pretty":"12.8 kB"}},"@types/fs-extra":{"name":"@types/fs-extra","install":{"bytes":1662667,"pretty":"1.59 MB"},"publish":{"bytes":28227,"pretty":"27.6 kB"}},"@types/jasmine":{"name":"@types/jasmine","install":{"bytes":59567,"pretty":"58.2 kB"},"publish":{"bytes":59567,"pretty":"58.2 kB"}},"@types/jest":{"name":"@types/jest","install":{"bytes":2198592,"pretty":"2.10 MB"},"publish":{"bytes":70415,"pretty":"68.8 kB"}},"@types/jquery":{"name":"@types/jquery","install":{"bytes":1114628,"pretty":"1.06 MB"},"publish":{"bytes":1108642,"pretty":"1.06 MB"}},"@types/lodash":{"name":"@types/lodash","install":{"bytes":859289,"pretty":"839 kB"},"publish":{"bytes":859289,"pretty":"839 kB"}},"@types/mocha":{"name":"@types/mocha","install":{"bytes":95822,"pretty":"93.6 kB"},"publish":{"bytes":95822,"pretty":"93.6 kB"}},"@types/node":{"name":"@types/node","install":{"bytes":1647721,"pretty":"1.57 MB"},"publish":{"bytes":1647721,"pretty":"1.57 MB"}},"@types/react":{"name":"@types/react","install":{"bytes":1385562,"pretty":"1.32 MB"},"publish":{"bytes":176449,"pretty":"172 kB"}},"@types/react-dom":{"name":"@types/react-dom","install":{"bytes":1390853,"pretty":"1.33 MB"},"publish":{"bytes":26415,"pretty":"25.8 kB"}},"@types/request":{"name":"@types/request","install":{"bytes":1962896,"pretty":"1.87 MB"},"publish":{"bytes":20835,"pretty":"20.3 kB"}},"@types/uuid":{"name":"@types/uuid","install":{"bytes":7126,"pretty":"6.96 kB"},"publish":{"bytes":7126,"pretty":"6.96 kB"}},"@typescript-eslint/eslint-plugin":{"name":"@typescript-eslint/eslint-plugin","install":{"bytes":5816562,"pretty":"5.55 MB"},"publish":{"bytes":2227465,"pretty":"2.12 MB"}},"@typescript-eslint/parser":{"name":"@typescript-eslint/parser","install":{"bytes":2403175,"pretty":"2.29 MB"},"publish":{"bytes":30104,"pretty":"29.4 kB"}},"JSONStream":{"name":"JSONStream","install":{"bytes":461270,"pretty":"450 kB"},"publish":{"bytes":410173,"pretty":"401 kB"}},"accepts":{"name":"accepts","install":{"bytes":253184,"pretty":"247 kB"},"publish":{"bytes":17674,"pretty":"17.3 kB"}},"acorn":{"name":"acorn","install":{"bytes":463236,"pretty":"452 kB"},"publish":{"bytes":463218,"pretty":"452 kB"}},"adm-zip":{"name":"adm-zip","install":{"bytes":103658,"pretty":"101 kB"},"publish":{"bytes":103658,"pretty":"101 kB"}},"ajv":{"name":"ajv","install":{"bytes":1555416,"pretty":"1.48 MB"},"publish":{"bytes":1009970,"pretty":"0.963 MB"}},"amqplib":{"name":"amqplib","install":{"bytes":1519233,"pretty":"1.45 MB"},"publish":{"bytes":450411,"pretty":"440 kB"}},"angular":{"name":"angular","install":{"bytes":2090420,"pretty":"1.99 MB"},"publish":{"bytes":2090420,"pretty":"1.99 MB"}},"angular-animate":{"name":"angular-animate","install":{"bytes":261318,"pretty":"255 kB"},"publish":{"bytes":261318,"pretty":"255 kB"}},"ansi-colors":{"name":"ansi-colors","install":{"bytes":25413,"pretty":"24.8 kB"},"publish":{"bytes":25413,"pretty":"24.8 kB"}},"ansi-escapes":{"name":"ansi-escapes","install":{"bytes":155363,"pretty":"152 kB"},"publish":{"bytes":17432,"pretty":"17.0 kB"}},"antd":{"name":"antd","install":{"bytes":83027968,"pretty":"79.2 MB"},"publish":{"bytes":46668464,"pretty":"44.5 MB"}},"apollo-cache-inmemory":{"name":"apollo-cache-inmemory","install":{"bytes":2475767,"pretty":"2.36 MB"},"publish":{"bytes":853901,"pretty":"834 kB"}},"apollo-client":{"name":"apollo-client","install":{"bytes":2127659,"pretty":"2.03 MB"},"publish":{"bytes":1155404,"pretty":"1.10 MB"}},"apollo-link":{"name":"apollo-link","install":{"bytes":856883,"pretty":"837 kB"},"publish":{"bytes":101290,"pretty":"98.9 kB"}},"apollo-link-http":{"name":"apollo-link-http","install":{"bytes":1010359,"pretty":"0.964 MB"},"publish":{"bytes":88160,"pretty":"86.1 kB"}},"app-root-path":{"name":"app-root-path","install":{"bytes":21135,"pretty":"20.6 kB"},"publish":{"bytes":21135,"pretty":"20.6 kB"}},"archiver":{"name":"archiver","install":{"bytes":1912264,"pretty":"1.82 MB"},"publish":{"bytes":52624,"pretty":"51.4 kB"}},"argparse":{"name":"argparse","install":{"bytes":172497,"pretty":"168 kB"},"publish":{"bytes":172497,"pretty":"168 kB"}},"arrify":{"name":"arrify","install":{"bytes":4492,"pretty":"4.39 kB"},"publish":{"bytes":4492,"pretty":"4.39 kB"}},"assert":{"name":"assert","install":{"bytes":3702130,"pretty":"3.53 MB"},"publish":{"bytes":76162,"pretty":"74.4 kB"}},"assert-plus":{"name":"assert-plus","install":{"bytes":12861,"pretty":"12.6 kB"},"publish":{"bytes":12861,"pretty":"12.6 kB"}},"async":{"name":"async","install":{"bytes":817423,"pretty":"798 kB"},"publish":{"bytes":817423,"pretty":"798 kB"}},"async-validator":{"name":"async-validator","install":{"bytes":255922,"pretty":"250 kB"},"publish":{"bytes":255922,"pretty":"250 kB"}},"atob":{"name":"atob","install":{"bytes":36982,"pretty":"36.1 kB"},"publish":{"bytes":36963,"pretty":"36.1 kB"}},"autoprefixer":{"name":"autoprefixer","install":{"bytes":1917476,"pretty":"1.83 MB"},"publish":{"bytes":197147,"pretty":"193 kB"}},"awesome-typescript-loader":{"name":"awesome-typescript-loader","install":{"bytes":6791067,"pretty":"6.48 MB"},"publish":{"bytes":409041,"pretty":"399 kB"}},"aws-sdk":{"name":"aws-sdk","install":{"bytes":68037870,"pretty":"64.9 MB"},"publish":{"bytes":67093774,"pretty":"64.0 MB"}},"axios":{"name":"axios","install":{"bytes":416215,"pretty":"406 kB"},"publish":{"bytes":389733,"pretty":"381 kB"}},"babel":{"name":"babel","install":{"bytes":2217,"pretty":"2.17 kB"},"publish":{"bytes":2160,"pretty":"2.11 kB"}},"babel-cli":{"name":"babel-cli","install":{"bytes":8857268,"pretty":"8.45 MB"},"publish":{"bytes":29097,"pretty":"28.4 kB"}},"babel-core":{"name":"babel-core","install":{"bytes":5825762,"pretty":"5.56 MB"},"publish":{"bytes":107605,"pretty":"105 kB"}},"babel-eslint":{"name":"babel-eslint","install":{"bytes":5415124,"pretty":"5.16 MB"},"publish":{"bytes":31224,"pretty":"30.5 kB"}},"babel-generator":{"name":"babel-generator","install":{"bytes":4843985,"pretty":"4.62 MB"},"publish":{"bytes":94249,"pretty":"92.0 kB"}},"babel-helper-vue-jsx-merge-props":{"name":"babel-helper-vue-jsx-merge-props","install":{"bytes":2814,"pretty":"2.75 kB"},"publish":{"bytes":2814,"pretty":"2.75 kB"}},"babel-jest":{"name":"babel-jest","install":{"bytes":12197676,"pretty":"11.6 MB"},"publish":{"bytes":15165,"pretty":"14.8 kB"}},"babel-loader":{"name":"babel-loader","install":{"bytes":2131658,"pretty":"2.03 MB"},"publish":{"bytes":42542,"pretty":"41.5 kB"}},"babel-plugin-add-module-exports":{"name":"babel-plugin-add-module-exports","install":{"bytes":22844,"pretty":"22.3 kB"},"publish":{"bytes":22844,"pretty":"22.3 kB"}},"babel-plugin-dynamic-import-node":{"name":"babel-plugin-dynamic-import-node","install":{"bytes":155538,"pretty":"152 kB"},"publish":{"bytes":13367,"pretty":"13.1 kB"}},"babel-plugin-import":{"name":"babel-plugin-import","install":{"bytes":2541247,"pretty":"2.42 MB"},"publish":{"bytes":35050,"pretty":"34.2 kB"}},"babel-plugin-lodash":{"name":"babel-plugin-lodash","install":{"bytes":2349389,"pretty":"2.24 MB"},"publish":{"bytes":26827,"pretty":"26.2 kB"}},"babel-plugin-module-resolver":{"name":"babel-plugin-module-resolver","install":{"bytes":642934,"pretty":"628 kB"},"publish":{"bytes":41174,"pretty":"40.2 kB"}},"babel-plugin-named-asset-import":{"name":"babel-plugin-named-asset-import","install":{"bytes":5505,"pretty":"5.38 kB"},"publish":{"bytes":5505,"pretty":"5.38 kB"}},"babel-plugin-syntax-dynamic-import":{"name":"babel-plugin-syntax-dynamic-import","install":{"bytes":2059,"pretty":"2.01 kB"},"publish":{"bytes":2059,"pretty":"2.01 kB"}},"babel-plugin-syntax-jsx":{"name":"babel-plugin-syntax-jsx","install":{"bytes":1840,"pretty":"1.80 kB"},"publish":{"bytes":1840,"pretty":"1.80 kB"}},"babel-plugin-transform-async-to-generator":{"name":"babel-plugin-transform-async-to-generator","install":{"bytes":4583412,"pretty":"4.37 MB"},"publish":{"bytes":3252,"pretty":"3.18 kB"}},"babel-plugin-transform-class-properties":{"name":"babel-plugin-transform-class-properties","install":{"bytes":4498879,"pretty":"4.29 MB"},"publish":{"bytes":11747,"pretty":"11.5 kB"}},"babel-plugin-transform-decorators-legacy":{"name":"babel-plugin-transform-decorators-legacy","install":{"bytes":4582998,"pretty":"4.37 MB"},"publish":{"bytes":21515,"pretty":"21.0 kB"}},"babel-plugin-transform-es2015-modules-commonjs":{"name":"babel-plugin-transform-es2015-modules-commonjs","install":{"bytes":4593262,"pretty":"4.38 MB"},"publish":{"bytes":29506,"pretty":"28.8 kB"}},"babel-plugin-transform-object-rest-spread":{"name":"babel-plugin-transform-object-rest-spread","install":{"bytes":2272859,"pretty":"2.17 MB"},"publish":{"bytes":12382,"pretty":"12.1 kB"}},"babel-plugin-transform-react-jsx":{"name":"babel-plugin-transform-react-jsx","install":{"bytes":3951515,"pretty":"3.77 MB"},"publish":{"bytes":5695,"pretty":"5.56 kB"}},"babel-plugin-transform-react-remove-prop-types":{"name":"babel-plugin-transform-react-remove-prop-types","install":{"bytes":49932,"pretty":"48.8 kB"},"publish":{"bytes":49932,"pretty":"48.8 kB"}},"babel-plugin-transform-regenerator":{"name":"babel-plugin-transform-regenerator","install":{"bytes":4077273,"pretty":"3.89 MB"},"publish":{"bytes":5297,"pretty":"5.17 kB"}},"babel-plugin-transform-runtime":{"name":"babel-plugin-transform-runtime","install":{"bytes":2276853,"pretty":"2.17 MB"},"publish":{"bytes":18651,"pretty":"18.2 kB"}},"babel-polyfill":{"name":"babel-polyfill","install":{"bytes":2747346,"pretty":"2.62 MB"},"publish":{"bytes":461506,"pretty":"451 kB"}},"babel-preset-env":{"name":"babel-preset-env","install":{"bytes":6545057,"pretty":"6.24 MB"},"publish":{"bytes":101697,"pretty":"99.3 kB"}},"babel-preset-es2015":{"name":"babel-preset-es2015","install":{"bytes":5052104,"pretty":"4.82 MB"},"publish":{"bytes":11848,"pretty":"11.6 kB"}},"babel-preset-react":{"name":"babel-preset-react","install":{"bytes":3976950,"pretty":"3.79 MB"},"publish":{"bytes":3862,"pretty":"3.77 kB"}},"babel-preset-react-app":{"name":"babel-preset-react-app","install":{"bytes":12261749,"pretty":"11.7 MB"},"publish":{"bytes":21044,"pretty":"20.6 kB"}},"babel-preset-stage-0":{"name":"babel-preset-stage-0","install":{"bytes":4707535,"pretty":"4.49 MB"},"publish":{"bytes":2658,"pretty":"2.60 kB"}},"babel-preset-stage-1":{"name":"babel-preset-stage-1","install":{"bytes":4687136,"pretty":"4.47 MB"},"publish":{"bytes":3741,"pretty":"3.65 kB"}},"babel-preset-stage-2":{"name":"babel-preset-stage-2","install":{"bytes":4667737,"pretty":"4.45 MB"},"publish":{"bytes":3791,"pretty":"3.70 kB"}},"babel-preset-stage-3":{"name":"babel-preset-stage-3","install":{"bytes":4629173,"pretty":"4.41 MB"},"publish":{"bytes":4329,"pretty":"4.23 kB"}},"babel-register":{"name":"babel-register","install":{"bytes":5825827,"pretty":"5.56 MB"},"publish":{"bytes":12915,"pretty":"12.6 kB"}},"babel-runtime":{"name":"babel-runtime","install":{"bytes":2258138,"pretty":"2.15 MB"},"publish":{"bytes":47673,"pretty":"46.6 kB"}},"babel-template":{"name":"babel-template","install":{"bytes":4559154,"pretty":"4.35 MB"},"publish":{"bytes":6552,"pretty":"6.40 kB"}},"babel-traverse":{"name":"babel-traverse","install":{"bytes":4552476,"pretty":"4.34 MB"},"publish":{"bytes":153130,"pretty":"150 kB"}},"babel-types":{"name":"babel-types","install":{"bytes":3936834,"pretty":"3.75 MB"},"publish":{"bytes":141374,"pretty":"138 kB"}},"babelify":{"name":"babelify","install":{"bytes":14021,"pretty":"13.7 kB"},"publish":{"bytes":14021,"pretty":"13.7 kB"}},"babylon":{"name":"babylon","install":{"bytes":283058,"pretty":"276 kB"},"publish":{"bytes":283033,"pretty":"276 kB"}},"backbone":{"name":"backbone","install":{"bytes":423250,"pretty":"413 kB"},"publish":{"bytes":144282,"pretty":"141 kB"}},"base-64":{"name":"base-64","install":{"bytes":11743,"pretty":"11.5 kB"},"publish":{"bytes":11743,"pretty":"11.5 kB"}},"base64-js":{"name":"base64-js","install":{"bytes":10420,"pretty":"10.2 kB"},"publish":{"bytes":10420,"pretty":"10.2 kB"}},"basic-auth":{"name":"basic-auth","install":{"bytes":42405,"pretty":"41.4 kB"},"publish":{"bytes":9891,"pretty":"9.66 kB"}},"bcrypt":{"name":"bcrypt","install":{"bytes":2272203,"pretty":"2.17 MB"},"publish":{"bytes":209045,"pretty":"204 kB"}},"bcrypt-nodejs":{"name":"bcrypt-nodejs","install":{"bytes":41998,"pretty":"41.0 kB"},"publish":{"bytes":41998,"pretty":"41.0 kB"}},"bcryptjs":{"name":"bcryptjs","install":{"bytes":222395,"pretty":"217 kB"},"publish":{"bytes":222395,"pretty":"217 kB"}},"bfj":{"name":"bfj","install":{"bytes":1138005,"pretty":"1.09 MB"},"publish":{"bytes":381224,"pretty":"372 kB"}},"bignumber.js":{"name":"bignumber.js","install":{"bytes":402916,"pretty":"393 kB"},"publish":{"bytes":402916,"pretty":"393 kB"}},"bindings":{"name":"bindings","install":{"bytes":21012,"pretty":"20.5 kB"},"publish":{"bytes":12029,"pretty":"11.7 kB"}},"bip39":{"name":"bip39","install":{"bytes":1229137,"pretty":"1.17 MB"},"publish":{"bytes":333206,"pretty":"325 kB"}},"bizcharts":{"name":"bizcharts","install":{"bytes":54373885,"pretty":"51.9 MB"},"publish":{"bytes":7345382,"pretty":"7.01 MB"}},"bl":{"name":"bl","install":{"bytes":358412,"pretty":"350 kB"},"publish":{"bytes":65196,"pretty":"63.7 kB"}},"blessed":{"name":"blessed","install":{"bytes":1653180,"pretty":"1.58 MB"},"publish":{"bytes":1653158,"pretty":"1.58 MB"}},"bluebird":{"name":"bluebird","install":{"bytes":633102,"pretty":"618 kB"},"publish":{"bytes":633102,"pretty":"618 kB"}},"bn.js":{"name":"bn.js","install":{"bytes":101144,"pretty":"98.8 kB"},"publish":{"bytes":101144,"pretty":"98.8 kB"}},"body-parser":{"name":"body-parser","install":{"bytes":1026950,"pretty":"0.979 MB"},"publish":{"bytes":57465,"pretty":"56.1 kB"}},"boom":{"name":"boom","install":{"bytes":70110,"pretty":"68.5 kB"},"publish":{"bytes":37934,"pretty":"37.0 kB"}},"bootstrap":{"name":"bootstrap","install":{"bytes":8651530,"pretty":"8.25 MB"},"publish":{"bytes":8651530,"pretty":"8.25 MB"}},"bower":{"name":"bower","install":{"bytes":19696724,"pretty":"18.8 MB"},"publish":{"bytes":19696706,"pretty":"18.8 MB"}},"boxen":{"name":"boxen","install":{"bytes":549271,"pretty":"536 kB"},"publish":{"bytes":22157,"pretty":"21.6 kB"}},"brfs":{"name":"brfs","install":{"bytes":6121162,"pretty":"5.84 MB"},"publish":{"bytes":31169,"pretty":"30.4 kB"}},"broccoli-funnel":{"name":"broccoli-funnel","install":{"bytes":1589501,"pretty":"1.52 MB"},"publish":{"bytes":32598,"pretty":"31.8 kB"}},"broccoli-merge-trees":{"name":"broccoli-merge-trees","install":{"bytes":1614958,"pretty":"1.54 MB"},"publish":{"bytes":8771,"pretty":"8.57 kB"}},"browser-sync":{"name":"browser-sync","install":{"bytes":31384750,"pretty":"29.9 MB"},"publish":{"bytes":574108,"pretty":"561 kB"}},"browserify":{"name":"browserify","install":{"bytes":10243056,"pretty":"9.77 MB"},"publish":{"bytes":362266,"pretty":"354 kB"}},"browserslist":{"name":"browserslist","install":{"bytes":1623216,"pretty":"1.55 MB"},"publish":{"bytes":69897,"pretty":"68.3 kB"}},"bs58":{"name":"bs58","install":{"bytes":48582,"pretty":"47.4 kB"},"publish":{"bytes":5371,"pretty":"5.25 kB"}},"bson":{"name":"bson","install":{"bytes":3021980,"pretty":"2.88 MB"},"publish":{"bytes":2920387,"pretty":"2.79 MB"}},"btoa":{"name":"btoa","install":{"bytes":32832,"pretty":"32.1 kB"},"publish":{"bytes":32813,"pretty":"32.0 kB"}},"buffer":{"name":"buffer","install":{"bytes":110303,"pretty":"108 kB"},"publish":{"bytes":92092,"pretty":"89.9 kB"}},"bufferutil":{"name":"bufferutil","install":{"bytes":421292,"pretty":"411 kB"},"publish":{"bytes":407609,"pretty":"398 kB"}},"bulma":{"name":"bulma","install":{"bytes":1318182,"pretty":"1.26 MB"},"publish":{"bytes":1318182,"pretty":"1.26 MB"}},"bunyan":{"name":"bunyan","install":{"bytes":5164864,"pretty":"4.93 MB"},"publish":{"bytes":202319,"pretty":"198 kB"}},"busboy":{"name":"busboy","install":{"bytes":756435,"pretty":"739 kB"},"publish":{"bytes":682434,"pretty":"666 kB"}},"bytebuffer":{"name":"bytebuffer","install":{"bytes":1180608,"pretty":"1.13 MB"},"publish":{"bytes":983246,"pretty":"960 kB"}},"bytes":{"name":"bytes","install":{"bytes":13188,"pretty":"12.9 kB"},"publish":{"bytes":13188,"pretty":"12.9 kB"}},"camelcase":{"name":"camelcase","install":{"bytes":11930,"pretty":"11.7 kB"},"publish":{"bytes":11930,"pretty":"11.7 kB"}},"canvas":{"name":"canvas","install":{"bytes":175586094,"pretty":"167 MB"},"publish":{"bytes":173675708,"pretty":"166 MB"}},"case-sensitive-paths-webpack-plugin":{"name":"case-sensitive-paths-webpack-plugin","install":{"bytes":26894,"pretty":"26.3 kB"},"publish":{"bytes":26894,"pretty":"26.3 kB"}},"chai":{"name":"chai","install":{"bytes":899157,"pretty":"878 kB"},"publish":{"bytes":744435,"pretty":"727 kB"}},"chai-as-promised":{"name":"chai-as-promised","install":{"bytes":49966,"pretty":"48.8 kB"},"publish":{"bytes":28624,"pretty":"28.0 kB"}},"chalk":{"name":"chalk","install":{"bytes":42351,"pretty":"41.4 kB"},"publish":{"bytes":42351,"pretty":"41.4 kB"}},"chance":{"name":"chance","install":{"bytes":1895096,"pretty":"1.81 MB"},"publish":{"bytes":1895096,"pretty":"1.81 MB"}},"change-case":{"name":"change-case","install":{"bytes":239769,"pretty":"234 kB"},"publish":{"bytes":10111,"pretty":"9.87 kB"}},"chart.js":{"name":"chart.js","install":{"bytes":1142067,"pretty":"1.09 MB"},"publish":{"bytes":1142067,"pretty":"1.09 MB"}},"cheerio":{"name":"cheerio","install":{"bytes":1019662,"pretty":"0.972 MB"},"publish":{"bytes":204912,"pretty":"200 kB"}},"child-process-promise":{"name":"child-process-promise","install":{"bytes":135839,"pretty":"133 kB"},"publish":{"bytes":22311,"pretty":"21.8 kB"}},"child_process":{"name":"child_process","install":{"bytes":1748,"pretty":"1.71 kB"},"publish":{"bytes":1748,"pretty":"1.71 kB"}},"chokidar":{"name":"chokidar","install":{"bytes":368348,"pretty":"360 kB"},"publish":{"bytes":90679,"pretty":"88.6 kB"}},"classnames":{"name":"classnames","install":{"bytes":18622,"pretty":"18.2 kB"},"publish":{"bytes":18622,"pretty":"18.2 kB"}},"clean-css":{"name":"clean-css","install":{"bytes":1292000,"pretty":"1.23 MB"},"publish":{"bytes":484474,"pretty":"473 kB"}},"clean-webpack-plugin":{"name":"clean-webpack-plugin","install":{"bytes":1938767,"pretty":"1.85 MB"},"publish":{"bytes":36565,"pretty":"35.7 kB"}},"clear":{"name":"clear","install":{"bytes":2939,"pretty":"2.87 kB"},"publish":{"bytes":2939,"pretty":"2.87 kB"}},"cli":{"name":"cli","install":{"bytes":263248,"pretty":"257 kB"},"publish":{"bytes":49205,"pretty":"48.1 kB"}},"cli-color":{"name":"cli-color","install":{"bytes":1007444,"pretty":"0.961 MB"},"publish":{"bytes":66158,"pretty":"64.6 kB"}},"cli-spinner":{"name":"cli-spinner","install":{"bytes":86081,"pretty":"84.1 kB"},"publish":{"bytes":86081,"pretty":"84.1 kB"}},"cli-table":{"name":"cli-table","install":{"bytes":140463,"pretty":"137 kB"},"publish":{"bytes":18739,"pretty":"18.3 kB"}},"cli-table2":{"name":"cli-table2","install":{"bytes":1091859,"pretty":"1.04 MB"},"publish":{"bytes":182410,"pretty":"178 kB"}},"cli-ux":{"name":"cli-ux","install":{"bytes":4670972,"pretty":"4.45 MB"},"publish":{"bytes":98497,"pretty":"96.2 kB"}},"clipboard":{"name":"clipboard","install":{"bytes":229367,"pretty":"224 kB"},"publish":{"bytes":92452,"pretty":"90.3 kB"}},"clipboardy":{"name":"clipboardy","install":{"bytes":1157374,"pretty":"1.10 MB"},"publish":{"bytes":915998,"pretty":"895 kB"}},"clone":{"name":"clone","install":{"bytes":17549,"pretty":"17.1 kB"},"publish":{"bytes":17549,"pretty":"17.1 kB"}},"clui":{"name":"clui","install":{"bytes":1291701,"pretty":"1.23 MB"},"publish":{"bytes":76178,"pretty":"74.4 kB"}},"co":{"name":"co","install":{"bytes":16829,"pretty":"16.4 kB"},"publish":{"bytes":16829,"pretty":"16.4 kB"}},"co-prompt":{"name":"co-prompt","install":{"bytes":21585,"pretty":"21.1 kB"},"publish":{"bytes":4850,"pretty":"4.74 kB"}},"codemirror":{"name":"codemirror","install":{"bytes":2968659,"pretty":"2.83 MB"},"publish":{"bytes":2968659,"pretty":"2.83 MB"}},"coffee-script":{"name":"coffee-script","install":{"bytes":398846,"pretty":"389 kB"},"publish":{"bytes":398794,"pretty":"389 kB"}},"color":{"name":"color","install":{"bytes":124598,"pretty":"122 kB"},"publish":{"bytes":17280,"pretty":"16.9 kB"}},"colors":{"name":"colors","install":{"bytes":40153,"pretty":"39.2 kB"},"publish":{"bytes":40153,"pretty":"39.2 kB"}},"columnify":{"name":"columnify","install":{"bytes":80957,"pretty":"79.1 kB"},"publish":{"bytes":39112,"pretty":"38.2 kB"}},"command-exists":{"name":"command-exists","install":{"bytes":14445,"pretty":"14.1 kB"},"publish":{"bytes":14445,"pretty":"14.1 kB"}},"command-line-args":{"name":"command-line-args","install":{"bytes":187564,"pretty":"183 kB"},"publish":{"bytes":117786,"pretty":"115 kB"}},"command-line-usage":{"name":"command-line-usage","install":{"bytes":204589,"pretty":"200 kB"},"publish":{"bytes":20581,"pretty":"20.1 kB"}},"commander":{"name":"commander","install":{"bytes":152198,"pretty":"149 kB"},"publish":{"bytes":152198,"pretty":"149 kB"}},"common-tags":{"name":"common-tags","install":{"bytes":229220,"pretty":"224 kB"},"publish":{"bytes":229220,"pretty":"224 kB"}},"component-emitter":{"name":"component-emitter","install":{"bytes":8976,"pretty":"8.77 kB"},"publish":{"bytes":8976,"pretty":"8.77 kB"}},"compression":{"name":"compression","install":{"bytes":417523,"pretty":"408 kB"},"publish":{"bytes":24384,"pretty":"23.8 kB"}},"concat-stream":{"name":"concat-stream","install":{"bytes":226300,"pretty":"221 kB"},"publish":{"bytes":10461,"pretty":"10.2 kB"}},"config":{"name":"config","install":{"bytes":369765,"pretty":"361 kB"},"publish":{"bytes":93245,"pretty":"91.1 kB"}},"configstore":{"name":"configstore","install":{"bytes":271464,"pretty":"265 kB"},"publish":{"bytes":8636,"pretty":"8.43 kB"}},"connect":{"name":"connect","install":{"bytes":241183,"pretty":"236 kB"},"publish":{"bytes":96323,"pretty":"94.1 kB"}},"connect-flash":{"name":"connect-flash","install":{"bytes":7232,"pretty":"7.06 kB"},"publish":{"bytes":7232,"pretty":"7.06 kB"}},"connect-history-api-fallback":{"name":"connect-history-api-fallback","install":{"bytes":12692,"pretty":"12.4 kB"},"publish":{"bytes":12692,"pretty":"12.4 kB"}},"connect-mongo":{"name":"connect-mongo","install":{"bytes":394649,"pretty":"385 kB"},"publish":{"bytes":109797,"pretty":"107 kB"}},"connect-redis":{"name":"connect-redis","install":{"bytes":22175,"pretty":"21.7 kB"},"publish":{"bytes":22175,"pretty":"21.7 kB"}},"consolidate":{"name":"consolidate","install":{"bytes":692873,"pretty":"677 kB"},"publish":{"bytes":59719,"pretty":"58.3 kB"}},"content-type":{"name":"content-type","install":{"bytes":11250,"pretty":"11.0 kB"},"publish":{"bytes":11250,"pretty":"11.0 kB"}},"convert-source-map":{"name":"convert-source-map","install":{"bytes":43734,"pretty":"42.7 kB"},"publish":{"bytes":11201,"pretty":"10.9 kB"}},"cookie":{"name":"cookie","install":{"bytes":19120,"pretty":"18.7 kB"},"publish":{"bytes":19120,"pretty":"18.7 kB"}}}