{"serve-favicon":{"name":"serve-favicon","install":{"bytes":84720,"pretty":"82.7 kB"},"publish":{"bytes":15926,"pretty":"15.6 kB"}},"serve-index":{"name":"serve-index","install":{"bytes":508858,"pretty":"497 kB"},"publish":{"bytes":94393,"pretty":"92.2 kB"}},"serve-static":{"name":"serve-static","install":{"bytes":355889,"pretty":"348 kB"},"publish":{"bytes":25932,"pretty":"25.3 kB"}},"sha1":{"name":"sha1","install":{"bytes":18055,"pretty":"17.6 kB"},"publish":{"bytes":8439,"pretty":"8.24 kB"}},"shallowequal":{"name":"shallowequal","install":{"bytes":8374,"pretty":"8.18 kB"},"publish":{"bytes":8374,"pretty":"8.18 kB"}},"sharp":{"name":"sharp","install":{"bytes":20836919,"pretty":"19.9 MB"},"publish":{"bytes":19127849,"pretty":"18.2 MB"}},"shell-quote":{"name":"shell-quote","install":{"bytes":23040,"pretty":"22.5 kB"},"publish":{"bytes":23040,"pretty":"22.5 kB"}},"shelljs":{"name":"shelljs","install":{"bytes":506811,"pretty":"495 kB"},"publish":{"bytes":212140,"pretty":"207 kB"}},"shortid":{"name":"shortid","install":{"bytes":58820,"pretty":"57.4 kB"},"publish":{"bytes":21982,"pretty":"21.5 kB"}},"should":{"name":"should","install":{"bytes":500349,"pretty":"489 kB"},"publish":{"bytes":408622,"pretty":"399 kB"}},"showdown":{"name":"showdown","install":{"bytes":1859275,"pretty":"1.77 MB"},"publish":{"bytes":1335375,"pretty":"1.27 MB"}},"simple-git":{"name":"simple-git","install":{"bytes":484711,"pretty":"473 kB"},"publish":{"bytes":411514,"pretty":"402 kB"}},"sinon":{"name":"sinon","install":{"bytes":7418679,"pretty":"7.08 MB"},"publish":{"bytes":5112578,"pretty":"4.88 MB"}},"sinon-chai":{"name":"sinon-chai","install":{"bytes":17839,"pretty":"17.4 kB"},"publish":{"bytes":17839,"pretty":"17.4 kB"}},"slash":{"name":"slash","install":{"bytes":4814,"pretty":"4.70 kB"},"publish":{"bytes":4814,"pretty":"4.70 kB"}},"slug":{"name":"slug","install":{"bytes":31045,"pretty":"30.3 kB"},"publish":{"bytes":31045,"pretty":"30.3 kB"}},"slugify":{"name":"slugify","install":{"bytes":16092,"pretty":"15.7 kB"},"publish":{"bytes":16092,"pretty":"15.7 kB"}},"soap":{"name":"soap","install":{"bytes":3057304,"pretty":"2.92 MB"},"publish":{"bytes":468708,"pretty":"458 kB"}},"socket.io":{"name":"socket.io","install":{"bytes":3459467,"pretty":"3.30 MB"},"publish":{"bytes":1001339,"pretty":"0.955 MB"}},"socket.io-client":{"name":"socket.io-client","install":{"bytes":1935548,"pretty":"1.85 MB"},"publish":{"bytes":993873,"pretty":"971 kB"}},"sockjs-client":{"name":"sockjs-client","install":{"bytes":1602036,"pretty":"1.53 MB"},"publish":{"bytes":848269,"pretty":"828 kB"}},"source-map":{"name":"source-map","install":{"bytes":313968,"pretty":"307 kB"},"publish":{"bytes":313968,"pretty":"307 kB"}},"source-map-loader":{"name":"source-map-loader","install":{"bytes":1214870,"pretty":"1.16 MB"},"publish":{"bytes":32733,"pretty":"32.0 kB"}},"source-map-support":{"name":"source-map-support","install":{"bytes":899867,"pretty":"879 kB"},"publish":{"bytes":86110,"pretty":"84.1 kB"}},"split":{"name":"split","install":{"bytes":26487,"pretty":"25.9 kB"},"publish":{"bytes":13132,"pretty":"12.8 kB"}},"split2":{"name":"split2","install":{"bytes":17940,"pretty":"17.5 kB"},"publish":{"bytes":17940,"pretty":"17.5 kB"}},"sprintf":{"name":"sprintf","install":{"bytes":12868,"pretty":"12.6 kB"},"publish":{"bytes":12868,"pretty":"12.6 kB"}},"sprintf-js":{"name":"sprintf-js","install":{"bytes":41142,"pretty":"40.2 kB"},"publish":{"bytes":41142,"pretty":"40.2 kB"}},"sqlite3":{"name":"sqlite3","install":{"bytes":14864155,"pretty":"14.2 MB"},"publish":{"bytes":5244336,"pretty":"5.00 MB"}},"ssh2":{"name":"ssh2","install":{"bytes":1749592,"pretty":"1.67 MB"},"publish":{"bytes":1059028,"pretty":"1.01 MB"}},"stack-trace":{"name":"stack-trace","install":{"bytes":19546,"pretty":"19.1 kB"},"publish":{"bytes":19546,"pretty":"19.1 kB"}},"standard":{"name":"standard","install":{"bytes":19389986,"pretty":"18.5 MB"},"publish":{"bytes":159957,"pretty":"156 kB"}},"string":{"name":"string","install":{"bytes":197873,"pretty":"193 kB"},"publish":{"bytes":197873,"pretty":"193 kB"}},"strip-ansi":{"name":"strip-ansi","install":{"bytes":11924,"pretty":"11.6 kB"},"publish":{"bytes":5147,"pretty":"5.03 kB"}},"strip-json-comments":{"name":"strip-json-comments","install":{"bytes":8179,"pretty":"7.99 kB"},"publish":{"bytes":8179,"pretty":"7.99 kB"}},"style-loader":{"name":"style-loader","install":{"bytes":60887,"pretty":"59.5 kB"},"publish":{"bytes":60887,"pretty":"59.5 kB"}},"styled-components":{"name":"styled-components","install":{"bytes":8738317,"pretty":"8.33 MB"},"publish":{"bytes":2901153,"pretty":"2.77 MB"}},"stylelint":{"name":"stylelint","install":{"bytes":7201387,"pretty":"6.87 MB"},"publish":{"bytes":792154,"pretty":"774 kB"}},"stylelint-config-standard":{"name":"stylelint-config-standard","install":{"bytes":26384,"pretty":"25.8 kB"},"publish":{"bytes":19800,"pretty":"19.3 kB"}},"stylelint-order":{"name":"stylelint-order","install":{"bytes":1118070,"pretty":"1.07 MB"},"publish":{"bytes":78820,"pretty":"77.0 kB"}},"stylelint-scss":{"name":"stylelint-scss","install":{"bytes":2179874,"pretty":"2.08 MB"},"publish":{"bytes":356326,"pretty":"348 kB"}},"stylus":{"name":"stylus","install":{"bytes":2055084,"pretty":"1.96 MB"},"publish":{"bytes":426063,"pretty":"416 kB"}},"stylus-loader":{"name":"stylus-loader","install":{"bytes":597384,"pretty":"583 kB"},"publish":{"bytes":46433,"pretty":"45.3 kB"}},"superagent":{"name":"superagent","install":{"bytes":1782084,"pretty":"1.70 MB"},"publish":{"bytes":744537,"pretty":"727 kB"}},"supertest":{"name":"supertest","install":{"bytes":2027383,"pretty":"1.93 MB"},"publish":{"bytes":22497,"pretty":"22.0 kB"}},"supports-color":{"name":"supports-color","install":{"bytes":11417,"pretty":"11.1 kB"},"publish":{"bytes":11417,"pretty":"11.1 kB"}},"svgo":{"name":"svgo","install":{"bytes":4454257,"pretty":"4.25 MB"},"publish":{"bytes":976073,"pretty":"953 kB"}},"sw-precache-webpack-plugin":{"name":"sw-precache-webpack-plugin","install":{"bytes":4062211,"pretty":"3.87 MB"},"publish":{"bytes":42113,"pretty":"41.1 kB"}},"swig":{"name":"swig","install":{"bytes":1424336,"pretty":"1.36 MB"},"publish":{"bytes":406446,"pretty":"397 kB"}},"sync-request":{"name":"sync-request","install":{"bytes":2074370,"pretty":"1.98 MB"},"publish":{"bytes":30438,"pretty":"29.7 kB"}},"systemjs":{"name":"systemjs","install":{"bytes":457830,"pretty":"447 kB"},"publish":{"bytes":457830,"pretty":"447 kB"}},"tape":{"name":"tape","install":{"bytes":2816862,"pretty":"2.69 MB"},"publish":{"bytes":248823,"pretty":"243 kB"}},"tar":{"name":"tar","install":{"bytes":275461,"pretty":"269 kB"},"publish":{"bytes":161552,"pretty":"158 kB"}},"tar-fs":{"name":"tar-fs","install":{"bytes":445443,"pretty":"435 kB"},"publish":{"bytes":28783,"pretty":"28.1 kB"}},"temp":{"name":"temp","install":{"bytes":229502,"pretty":"224 kB"},"publish":{"bytes":17920,"pretty":"17.5 kB"}},"terser-webpack-plugin":{"name":"terser-webpack-plugin","install":{"bytes":6751991,"pretty":"6.44 MB"},"publish":{"bytes":91339,"pretty":"89.2 kB"}}}