{"fstream":{"name":"fstream","install":{"bytes":304977,"pretty":"298 kB"},"publish":{"bytes":64409,"pretty":"62.9 kB"}},"fuse.js":{"name":"fuse.js","install":{"bytes":381775,"pretty":"373 kB"},"publish":{"bytes":381775,"pretty":"373 kB"}},"fuzzy":{"name":"fuzzy","install":{"bytes":14457,"pretty":"14.1 kB"},"publish":{"bytes":14457,"pretty":"14.1 kB"}},"gaze":{"name":"gaze","install":{"bytes":1598079,"pretty":"1.52 MB"},"publish":{"bytes":26573,"pretty":"26.0 kB"}},"generic-pool":{"name":"generic-pool","install":{"bytes":67732,"pretty":"66.1 kB"},"publish":{"bytes":67732,"pretty":"66.1 kB"}},"get-port":{"name":"get-port","install":{"bytes":11017,"pretty":"10.8 kB"},"publish":{"bytes":11017,"pretty":"10.8 kB"}},"get-stdin":{"name":"get-stdin","install":{"bytes":5567,"pretty":"5.44 kB"},"publish":{"bytes":5567,"pretty":"5.44 kB"}},"gh-pages":{"name":"gh-pages","install":{"bytes":2750902,"pretty":"2.62 MB"},"publish":{"bytes":53553,"pretty":"52.3 kB"}},"github":{"name":"github","install":{"bytes":2592,"pretty":"2.53 kB"},"publish":{"bytes":2592,"pretty":"2.53 kB"}},"glob":{"name":"glob","install":{"bytes":152468,"pretty":"149 kB"},"publish":{"bytes":55638,"pretty":"54.3 kB"}},"global":{"name":"global","install":{"bytes":79745,"pretty":"77.9 kB"},"publish":{"bytes":4273,"pretty":"4.17 kB"}},"globby":{"name":"globby","install":{"bytes":607855,"pretty":"594 kB"},"publish":{"bytes":22848,"pretty":"22.3 kB"}},"gm":{"name":"gm","install":{"bytes":298648,"pretty":"292 kB"},"publish":{"bytes":118700,"pretty":"116 kB"}},"googleapis":{"name":"googleapis","install":{"bytes":100172048,"pretty":"95.5 MB"},"publish":{"bytes":95715698,"pretty":"91.3 MB"}},"got":{"name":"got","install":{"bytes":2301504,"pretty":"2.19 MB"},"publish":{"bytes":269647,"pretty":"263 kB"}},"graceful-fs":{"name":"graceful-fs","install":{"bytes":32502,"pretty":"31.7 kB"},"publish":{"bytes":32502,"pretty":"31.7 kB"}},"graphql":{"name":"graphql","install":{"bytes":1329813,"pretty":"1.27 MB"},"publish":{"bytes":1329813,"pretty":"1.27 MB"}},"graphql-tag":{"name":"graphql-tag","install":{"bytes":212708,"pretty":"208 kB"},"publish":{"bytes":172927,"pretty":"169 kB"}},"graphql-tools":{"name":"graphql-tools","install":{"bytes":5617180,"pretty":"5.36 MB"},"publish":{"bytes":4820,"pretty":"4.71 kB"}},"gray-matter":{"name":"gray-matter","install":{"bytes":856044,"pretty":"836 kB"},"publish":{"bytes":39839,"pretty":"38.9 kB"}},"grpc":{"name":"grpc","install":{"bytes":55897461,"pretty":"53.3 MB"},"publish":{"bytes":47687766,"pretty":"45.5 MB"}},"grunt":{"name":"grunt","install":{"bytes":5072909,"pretty":"4.84 MB"},"publish":{"bytes":121949,"pretty":"119 kB"}},"grunt-cli":{"name":"grunt-cli","install":{"bytes":890260,"pretty":"869 kB"},"publish":{"bytes":11389,"pretty":"11.1 kB"}},"grunt-contrib-clean":{"name":"grunt-contrib-clean","install":{"bytes":2125263,"pretty":"2.03 MB"},"publish":{"bytes":11252,"pretty":"11.0 kB"}},"grunt-contrib-concat":{"name":"grunt-contrib-concat","install":{"bytes":900537,"pretty":"879 kB"},"publish":{"bytes":28088,"pretty":"27.4 kB"}},"grunt-contrib-copy":{"name":"grunt-contrib-copy","install":{"bytes":63014,"pretty":"61.5 kB"},"publish":{"bytes":16120,"pretty":"15.7 kB"}},"grunt-contrib-jshint":{"name":"grunt-contrib-jshint","install":{"bytes":5779273,"pretty":"5.51 MB"},"publish":{"bytes":25079,"pretty":"24.5 kB"}},"grunt-contrib-uglify":{"name":"grunt-contrib-uglify","install":{"bytes":1322612,"pretty":"1.26 MB"},"publish":{"bytes":37321,"pretty":"36.4 kB"}},"grunt-contrib-watch":{"name":"grunt-contrib-watch","install":{"bytes":3056527,"pretty":"2.91 MB"},"publish":{"bytes":51833,"pretty":"50.6 kB"}},"gulp":{"name":"gulp","install":{"bytes":5789636,"pretty":"5.52 MB"},"publish":{"bytes":81288,"pretty":"79.4 kB"}},"gulp-autoprefixer":{"name":"gulp-autoprefixer","install":{"bytes":4420917,"pretty":"4.22 MB"},"publish":{"bytes":6247,"pretty":"6.10 kB"}},"gulp-babel":{"name":"gulp-babel","install":{"bytes":1086500,"pretty":"1.04 MB"},"publish":{"bytes":9978,"pretty":"9.74 kB"}},"gulp-clean-css":{"name":"gulp-clean-css","install":{"bytes":2327086,"pretty":"2.22 MB"},"publish":{"bytes":8404,"pretty":"8.21 kB"}},"gulp-concat":{"name":"gulp-concat","install":{"bytes":1111039,"pretty":"1.06 MB"},"publish":{"bytes":7593,"pretty":"7.42 kB"}},"gulp-conflict":{"name":"gulp-conflict","install":{"bytes":6086183,"pretty":"5.80 MB"},"publish":{"bytes":10267,"pretty":"10.0 kB"}},"gulp-eslint":{"name":"gulp-eslint","install":{"bytes":18220778,"pretty":"17.4 MB"},"publish":{"bytes":32249,"pretty":"31.5 kB"}},"gulp-filter":{"name":"gulp-filter","install":{"bytes":453824,"pretty":"443 kB"},"publish":{"bytes":8526,"pretty":"8.33 kB"}},"gulp-if":{"name":"gulp-if","install":{"bytes":398142,"pretty":"389 kB"},"publish":{"bytes":45847,"pretty":"44.8 kB"}},"gulp-imagemin":{"name":"gulp-imagemin","install":{"bytes":16081236,"pretty":"15.3 MB"},"publish":{"bytes":9617,"pretty":"9.39 kB"}},"gulp-install":{"name":"gulp-install","install":{"bytes":955477,"pretty":"933 kB"},"publish":{"bytes":15633,"pretty":"15.3 kB"}},"gulp-jshint":{"name":"gulp-jshint","install":{"bytes":1902123,"pretty":"1.81 MB"},"publish":{"bytes":18714,"pretty":"18.3 kB"}},"gulp-less":{"name":"gulp-less","install":{"bytes":5725144,"pretty":"5.46 MB"},"publish":{"bytes":9935,"pretty":"9.70 kB"}},"gulp-load-plugins":{"name":"gulp-load-plugins","install":{"bytes":649452,"pretty":"634 kB"},"publish":{"bytes":21986,"pretty":"21.5 kB"}},"gulp-minify-css":{"name":"gulp-minify-css","install":{"bytes":2235286,"pretty":"2.13 MB"},"publish":{"bytes":6524,"pretty":"6.37 kB"}},"gulp-notify":{"name":"gulp-notify","install":{"bytes":6665077,"pretty":"6.36 MB"},"publish":{"bytes":96341,"pretty":"94.1 kB"}},"gulp-plumber":{"name":"gulp-plumber","install":{"bytes":352719,"pretty":"344 kB"},"publish":{"bytes":7735,"pretty":"7.55 kB"}},"gulp-postcss":{"name":"gulp-postcss","install":{"bytes":1432346,"pretty":"1.37 MB"},"publish":{"bytes":15154,"pretty":"14.8 kB"}},"gulp-rename":{"name":"gulp-rename","install":{"bytes":7968,"pretty":"7.78 kB"},"publish":{"bytes":7968,"pretty":"7.78 kB"}},"gulp-replace":{"name":"gulp-replace","install":{"bytes":1203673,"pretty":"1.15 MB"},"publish":{"bytes":15803,"pretty":"15.4 kB"}},"gulp-sass":{"name":"gulp-sass","install":{"bytes":2434528,"pretty":"2.32 MB"},"publish":{"bytes":25939,"pretty":"25.3 kB"}},"gulp-shell":{"name":"gulp-shell","install":{"bytes":570068,"pretty":"557 kB"},"publish":{"bytes":15323,"pretty":"15.0 kB"}},"gulp-sourcemaps":{"name":"gulp-sourcemaps","install":{"bytes":4737672,"pretty":"4.52 MB"},"publish":{"bytes":36922,"pretty":"36.1 kB"}},"gulp-template":{"name":"gulp-template","install":{"bytes":1738205,"pretty":"1.66 MB"},"publish":{"bytes":5487,"pretty":"5.36 kB"}},"gulp-typescript":{"name":"gulp-typescript","install":{"bytes":3232135,"pretty":"3.08 MB"},"publish":{"bytes":82306,"pretty":"80.4 kB"}},"gulp-uglify":{"name":"gulp-uglify","install":{"bytes":2053731,"pretty":"1.96 MB"},"publish":{"bytes":13665,"pretty":"13.3 kB"}},"gulp-util":{"name":"gulp-util","install":{"bytes":826204,"pretty":"807 kB"},"publish":{"bytes":14293,"pretty":"14.0 kB"}},"gulp-watch":{"name":"gulp-watch","install":{"bytes":4445066,"pretty":"4.24 MB"},"publish":{"bytes":12934,"pretty":"12.6 kB"}},"gzip-size":{"name":"gzip-size","install":{"bytes":15670,"pretty":"15.3 kB"},"publish":{"bytes":9330,"pretty":"9.11 kB"}},"hammerjs":{"name":"hammerjs","install":{"bytes":911237,"pretty":"890 kB"},"publish":{"bytes":911237,"pretty":"890 kB"}},"handlebars":{"name":"handlebars","install":{"bytes":4946961,"pretty":"4.72 MB"},"publish":{"bytes":2719134,"pretty":"2.59 MB"}},"hapi":{"name":"hapi","install":{"bytes":1115130,"pretty":"1.06 MB"},"publish":{"bytes":188291,"pretty":"184 kB"}},"hash-sum":{"name":"hash-sum","install":{"bytes":8883,"pretty":"8.67 kB"},"publish":{"bytes":8883,"pretty":"8.67 kB"}},"he":{"name":"he","install":{"bytes":124970,"pretty":"122 kB"},"publish":{"bytes":124958,"pretty":"122 kB"}},"helmet":{"name":"helmet","install":{"bytes":74622,"pretty":"72.9 kB"},"publish":{"bytes":74622,"pretty":"72.9 kB"}},"hexlet-pairs":{"name":"hexlet-pairs","install":{"bytes":201060,"pretty":"196 kB"},"publish":{"bytes":201060,"pretty":"196 kB"}},"highland":{"name":"highland","install":{"bytes":604294,"pretty":"590 kB"},"publish":{"bytes":597975,"pretty":"584 kB"}}}