{"reselect":{"name":"reselect","install":{"bytes":169664,"pretty":"166 kB"},"publish":{"bytes":169664,"pretty":"166 kB"}},"resize-observer-polyfill":{"name":"resize-observer-polyfill","install":{"bytes":147985,"pretty":"145 kB"},"publish":{"bytes":147985,"pretty":"145 kB"}},"resolve":{"name":"resolve","install":{"bytes":177051,"pretty":"173 kB"},"publish":{"bytes":115896,"pretty":"113 kB"}},"resolve-from":{"name":"resolve-from","install":{"bytes":6880,"pretty":"6.72 kB"},"publish":{"bytes":6880,"pretty":"6.72 kB"}},"restify":{"name":"restify","install":{"bytes":13225959,"pretty":"12.6 MB"},"publish":{"bytes":335284,"pretty":"327 kB"}},"restler":{"name":"restler","install":{"bytes":1625015,"pretty":"1.55 MB"},"publish":{"bytes":58700,"pretty":"57.3 kB"}},"rimraf":{"name":"rimraf","install":{"bytes":171852,"pretty":"168 kB"},"publish":{"bytes":18289,"pretty":"17.9 kB"}},"rollup":{"name":"rollup","install":{"bytes":4727437,"pretty":"4.51 MB"},"publish":{"bytes":4727412,"pretty":"4.51 MB"}},"rollup-plugin-babel":{"name":"rollup-plugin-babel","install":{"bytes":2503589,"pretty":"2.39 MB"},"publish":{"bytes":66067,"pretty":"64.5 kB"}},"rollup-plugin-commonjs":{"name":"rollup-plugin-commonjs","install":{"bytes":983773,"pretty":"961 kB"},"publish":{"bytes":212775,"pretty":"208 kB"}},"rollup-plugin-node-resolve":{"name":"rollup-plugin-node-resolve","install":{"bytes":1111474,"pretty":"1.06 MB"},"publish":{"bytes":56980,"pretty":"55.6 kB"}},"rollup-pluginutils":{"name":"rollup-pluginutils","install":{"bytes":257682,"pretty":"252 kB"},"publish":{"bytes":247113,"pretty":"241 kB"}},"rsvp":{"name":"rsvp","install":{"bytes":645000,"pretty":"630 kB"},"publish":{"bytes":645000,"pretty":"630 kB"}},"run-sequence":{"name":"run-sequence","install":{"bytes":159619,"pretty":"156 kB"},"publish":{"bytes":14275,"pretty":"13.9 kB"}},"rx":{"name":"rx","install":{"bytes":6598894,"pretty":"6.29 MB"},"publish":{"bytes":6598894,"pretty":"6.29 MB"}},"rxjs":{"name":"rxjs","install":{"bytes":4481983,"pretty":"4.27 MB"},"publish":{"bytes":4446091,"pretty":"4.24 MB"}},"rxjs-compat":{"name":"rxjs-compat","install":{"bytes":2602584,"pretty":"2.48 MB"},"publish":{"bytes":2602584,"pretty":"2.48 MB"}},"safe-buffer":{"name":"safe-buffer","install":{"bytes":32883,"pretty":"32.1 kB"},"publish":{"bytes":32883,"pretty":"32.1 kB"}},"sanitize-filename":{"name":"sanitize-filename","install":{"bytes":30378,"pretty":"29.7 kB"},"publish":{"bytes":17997,"pretty":"17.6 kB"}},"sanitize-html":{"name":"sanitize-html","install":{"bytes":875629,"pretty":"855 kB"},"publish":{"bytes":76111,"pretty":"74.3 kB"}},"sass-loader":{"name":"sass-loader","install":{"bytes":376600,"pretty":"368 kB"},"publish":{"bytes":54047,"pretty":"52.8 kB"}},"sax":{"name":"sax","install":{"bytes":55505,"pretty":"54.2 kB"},"publish":{"bytes":55505,"pretty":"54.2 kB"}},"secp256k1":{"name":"secp256k1","install":{"bytes":2978960,"pretty":"2.84 MB"},"publish":{"bytes":1860574,"pretty":"1.77 MB"}},"selenium-webdriver":{"name":"selenium-webdriver","install":{"bytes":2737682,"pretty":"2.61 MB"},"publish":{"bytes":695574,"pretty":"679 kB"}},"semantic-ui-react":{"name":"semantic-ui-react","install":{"bytes":7596366,"pretty":"7.24 MB"},"publish":{"bytes":3075648,"pretty":"2.93 MB"}},"semver":{"name":"semver","install":{"bytes":121554,"pretty":"119 kB"},"publish":{"bytes":89156,"pretty":"87.1 kB"}},"send":{"name":"send","install":{"bytes":318434,"pretty":"311 kB"},"publish":{"bytes":49235,"pretty":"48.1 kB"}},"sequelize":{"name":"sequelize","install":{"bytes":12925108,"pretty":"12.3 MB"},"publish":{"bytes":3022044,"pretty":"2.88 MB"}}}