{"keycode":{"name":"keycode","install":{"bytes":118472,"pretty":"116 kB"},"publish":{"bytes":118472,"pretty":"116 kB"}},"keypress":{"name":"keypress","install":{"bytes":16687,"pretty":"16.3 kB"},"publish":{"bytes":16687,"pretty":"16.3 kB"}},"knex":{"name":"knex","install":{"bytes":3003417,"pretty":"2.86 MB"},"publish":{"bytes":770804,"pretty":"753 kB"}},"koa":{"name":"koa","install":{"bytes":868836,"pretty":"848 kB"},"publish":{"bytes":94817,"pretty":"92.6 kB"}},"koa-body":{"name":"koa-body","install":{"bytes":1747807,"pretty":"1.67 MB"},"publish":{"bytes":24719,"pretty":"24.1 kB"}},"koa-bodyparser":{"name":"koa-bodyparser","install":{"bytes":939085,"pretty":"917 kB"},"publish":{"bytes":13353,"pretty":"13.0 kB"}},"koa-compose":{"name":"koa-compose","install":{"bytes":5131,"pretty":"5.01 kB"},"publish":{"bytes":5131,"pretty":"5.01 kB"}},"koa-logger":{"name":"koa-logger","install":{"bytes":121483,"pretty":"119 kB"},"publish":{"bytes":8301,"pretty":"8.11 kB"}},"koa-mount":{"name":"koa-mount","install":{"bytes":62443,"pretty":"61.0 kB"},"publish":{"bytes":7366,"pretty":"7.19 kB"}},"koa-router":{"name":"koa-router","install":{"bytes":288650,"pretty":"282 kB"},"publish":{"bytes":36454,"pretty":"35.6 kB"}},"koa-static":{"name":"koa-static","install":{"bytes":283943,"pretty":"277 kB"},"publish":{"bytes":8777,"pretty":"8.57 kB"}},"leaflet":{"name":"leaflet","install":{"bytes":5957118,"pretty":"5.68 MB"},"publish":{"bytes":5957118,"pretty":"5.68 MB"}},"left-pad":{"name":"left-pad","install":{"bytes":10698,"pretty":"10.4 kB"},"publish":{"bytes":10698,"pretty":"10.4 kB"}},"less":{"name":"less","install":{"bytes":4662155,"pretty":"4.45 MB"},"publish":{"bytes":2777716,"pretty":"2.65 MB"}},"less-loader":{"name":"less-loader","install":{"bytes":58167,"pretty":"56.8 kB"},"publish":{"bytes":34143,"pretty":"33.3 kB"}},"level":{"name":"level","install":{"bytes":6655719,"pretty":"6.35 MB"},"publish":{"bytes":50435,"pretty":"49.3 kB"}},"leveldown":{"name":"leveldown","install":{"bytes":6081319,"pretty":"5.80 MB"},"publish":{"bytes":5640390,"pretty":"5.38 MB"}},"levelup":{"name":"levelup","install":{"bytes":756892,"pretty":"739 kB"},"publish":{"bytes":103273,"pretty":"101 kB"}},"liftoff":{"name":"liftoff","install":{"bytes":812540,"pretty":"793 kB"},"publish":{"bytes":34662,"pretty":"33.8 kB"}},"lint-staged":{"name":"lint-staged","install":{"bytes":6955288,"pretty":"6.63 MB"},"publish":{"bytes":89763,"pretty":"87.7 kB"}},"listr":{"name":"listr","install":{"bytes":6223035,"pretty":"5.93 MB"},"publish":{"bytes":24531,"pretty":"24.0 kB"}},"lit-element":{"name":"lit-element","install":{"bytes":1533689,"pretty":"1.46 MB"},"publish":{"bytes":170375,"pretty":"166 kB"}},"loader-utils":{"name":"loader-utils","install":{"bytes":32891,"pretty":"32.1 kB"},"publish":{"bytes":32891,"pretty":"32.1 kB"}},"localforage":{"name":"localforage","install":{"bytes":529506,"pretty":"517 kB"},"publish":{"bytes":468233,"pretty":"457 kB"}},"lodash":{"name":"lodash","install":{"bytes":1413435,"pretty":"1.35 MB"},"publish":{"bytes":1413435,"pretty":"1.35 MB"}},"lodash-es":{"name":"lodash-es","install":{"bytes":637080,"pretty":"622 kB"},"publish":{"bytes":637080,"pretty":"622 kB"}},"lodash.assign":{"name":"lodash.assign","install":{"bytes":20978,"pretty":"20.5 kB"},"publish":{"bytes":20978,"pretty":"20.5 kB"}},"lodash.camelcase":{"name":"lodash.camelcase","install":{"bytes":23054,"pretty":"22.5 kB"},"publish":{"bytes":23054,"pretty":"22.5 kB"}},"lodash.clonedeep":{"name":"lodash.clonedeep","install":{"bytes":49322,"pretty":"48.2 kB"},"publish":{"bytes":49322,"pretty":"48.2 kB"}},"lodash.debounce":{"name":"lodash.debounce","install":{"bytes":15062,"pretty":"14.7 kB"},"publish":{"bytes":15062,"pretty":"14.7 kB"}},"lodash.defaults":{"name":"lodash.defaults","install":{"bytes":22185,"pretty":"21.7 kB"},"publish":{"bytes":22185,"pretty":"21.7 kB"}},"lodash.flatten":{"name":"lodash.flatten","install":{"bytes":13155,"pretty":"12.8 kB"},"publish":{"bytes":13155,"pretty":"12.8 kB"}},"lodash.foreach":{"name":"lodash.foreach","install":{"bytes":19052,"pretty":"18.6 kB"},"publish":{"bytes":19052,"pretty":"18.6 kB"}},"lodash.get":{"name":"lodash.get","install":{"bytes":27581,"pretty":"26.9 kB"},"publish":{"bytes":27581,"pretty":"26.9 kB"}},"lodash.isempty":{"name":"lodash.isempty","install":{"bytes":19529,"pretty":"19.1 kB"},"publish":{"bytes":19529,"pretty":"19.1 kB"}},"lodash.isequal":{"name":"lodash.isequal","install":{"bytes":53727,"pretty":"52.5 kB"},"publish":{"bytes":53727,"pretty":"52.5 kB"}},"lodash.isfunction":{"name":"lodash.isfunction","install":{"bytes":8486,"pretty":"8.29 kB"},"publish":{"bytes":8486,"pretty":"8.29 kB"}},"lodash.isobject":{"name":"lodash.isobject","install":{"bytes":5070,"pretty":"4.95 kB"},"publish":{"bytes":5070,"pretty":"4.95 kB"}},"lodash.isplainobject":{"name":"lodash.isplainobject","install":{"bytes":8046,"pretty":"7.86 kB"},"publish":{"bytes":8046,"pretty":"7.86 kB"}},"lodash.isstring":{"name":"lodash.isstring","install":{"bytes":5856,"pretty":"5.72 kB"},"publish":{"bytes":5856,"pretty":"5.72 kB"}},"lodash.map":{"name":"lodash.map","install":{"bytes":68260,"pretty":"66.7 kB"},"publish":{"bytes":68260,"pretty":"66.7 kB"}},"lodash.merge":{"name":"lodash.merge","install":{"bytes":55186,"pretty":"53.9 kB"},"publish":{"bytes":55186,"pretty":"53.9 kB"}},"lodash.omit":{"name":"lodash.omit","install":{"bytes":41960,"pretty":"41.0 kB"},"publish":{"bytes":41960,"pretty":"41.0 kB"}},"lodash.pick":{"name":"lodash.pick","install":{"bytes":17404,"pretty":"17.0 kB"},"publish":{"bytes":17404,"pretty":"17.0 kB"}},"lodash.set":{"name":"lodash.set","install":{"bytes":29414,"pretty":"28.7 kB"},"publish":{"bytes":29414,"pretty":"28.7 kB"}},"lodash.template":{"name":"lodash.template","install":{"bytes":69899,"pretty":"68.3 kB"},"publish":{"bytes":51311,"pretty":"50.1 kB"}},"lodash.throttle":{"name":"lodash.throttle","install":{"bytes":17589,"pretty":"17.2 kB"},"publish":{"bytes":17589,"pretty":"17.2 kB"}},"lodash.uniq":{"name":"lodash.uniq","install":{"bytes":26087,"pretty":"25.5 kB"},"publish":{"bytes":26087,"pretty":"25.5 kB"}},"log-symbols":{"name":"log-symbols","install":{"bytes":113969,"pretty":"111 kB"},"publish":{"bytes":5736,"pretty":"5.60 kB"}},"log-update":{"name":"log-update","install":{"bytes":360829,"pretty":"352 kB"},"publish":{"bytes":9024,"pretty":"8.81 kB"}},"log4js":{"name":"log4js","install":{"bytes":578561,"pretty":"565 kB"},"publish":{"bytes":106970,"pretty":"104 kB"}},"loglevel":{"name":"loglevel","install":{"bytes":139985,"pretty":"137 kB"},"publish":{"bytes":139985,"pretty":"137 kB"}},"long":{"name":"long","install":{"bytes":119512,"pretty":"117 kB"},"publish":{"bytes":119512,"pretty":"117 kB"}},"loose-envify":{"name":"loose-envify","install":{"bytes":22886,"pretty":"22.3 kB"},"publish":{"bytes":6714,"pretty":"6.56 kB"}},"lowdb":{"name":"lowdb","install":{"bytes":36885,"pretty":"36.0 kB"},"publish":{"bytes":27399,"pretty":"26.8 kB"}},"lru-cache":{"name":"lru-cache","install":{"bytes":32336,"pretty":"31.6 kB"},"publish":{"bytes":16618,"pretty":"16.2 kB"}},"make-dir":{"name":"make-dir","install":{"bytes":79144,"pretty":"77.3 kB"},"publish":{"bytes":11097,"pretty":"10.8 kB"}},"map-stream":{"name":"map-stream","install":{"bytes":14448,"pretty":"14.1 kB"},"publish":{"bytes":14448,"pretty":"14.1 kB"}},"markdown":{"name":"markdown","install":{"bytes":133801,"pretty":"131 kB"},"publish":{"bytes":98318,"pretty":"96.0 kB"}},"markdown-it":{"name":"markdown-it","install":{"bytes":866490,"pretty":"846 kB"},"publish":{"bytes":573772,"pretty":"560 kB"}},"marked":{"name":"marked","install":{"bytes":398744,"pretty":"389 kB"},"publish":{"bytes":398721,"pretty":"389 kB"}},"material-ui":{"name":"material-ui","install":{"bytes":8549310,"pretty":"8.15 MB"},"publish":{"bytes":2421876,"pretty":"2.31 MB"}},"mathjs":{"name":"mathjs","install":{"bytes":12149285,"pretty":"11.6 MB"},"publish":{"bytes":10880792,"pretty":"10.4 MB"}},"md5":{"name":"md5","install":{"bytes":38206,"pretty":"37.3 kB"},"publish":{"bytes":22186,"pretty":"21.7 kB"}},"md5-file":{"name":"md5-file","install":{"bytes":5012,"pretty":"4.89 kB"},"publish":{"bytes":4994,"pretty":"4.88 kB"}},"memoize-one":{"name":"memoize-one","install":{"bytes":36578,"pretty":"35.7 kB"},"publish":{"bytes":36578,"pretty":"35.7 kB"}},"memory-fs":{"name":"memory-fs","install":{"bytes":227625,"pretty":"222 kB"},"publish":{"bytes":16022,"pretty":"15.6 kB"}},"meow":{"name":"meow","install":{"bytes":999481,"pretty":"976 kB"},"publish":{"bytes":25851,"pretty":"25.2 kB"}},"merge":{"name":"merge","install":{"bytes":7764,"pretty":"7.58 kB"},"publish":{"bytes":7764,"pretty":"7.58 kB"}},"merge-stream":{"name":"merge-stream","install":{"bytes":5331,"pretty":"5.21 kB"},"publish":{"bytes":5331,"pretty":"5.21 kB"}},"metalsmith":{"name":"metalsmith","install":{"bytes":2029280,"pretty":"1.94 MB"},"publish":{"bytes":35914,"pretty":"35.1 kB"}},"method-override":{"name":"method-override","install":{"bytes":105837,"pretty":"103 kB"},"publish":{"bytes":16595,"pretty":"16.2 kB"}},"methods":{"name":"methods","install":{"bytes":6331,"pretty":"6.18 kB"},"publish":{"bytes":6331,"pretty":"6.18 kB"}},"micromatch":{"name":"micromatch","install":{"bytes":253136,"pretty":"247 kB"},"publish":{"bytes":62931,"pretty":"61.5 kB"}},"mime":{"name":"mime","install":{"bytes":60944,"pretty":"59.5 kB"},"publish":{"bytes":60930,"pretty":"59.5 kB"}},"mime-types":{"name":"mime-types","install":{"bytes":224298,"pretty":"219 kB"},"publish":{"bytes":19143,"pretty":"18.7 kB"}},"mini-css-extract-plugin":{"name":"mini-css-extract-plugin","install":{"bytes":1932224,"pretty":"1.84 MB"},"publish":{"bytes":91746,"pretty":"89.6 kB"}},"minimatch":{"name":"minimatch","install":{"bytes":59388,"pretty":"58.0 kB"},"publish":{"bytes":34056,"pretty":"33.3 kB"}},"minimist":{"name":"minimist","install":{"bytes":33213,"pretty":"32.4 kB"},"publish":{"bytes":33213,"pretty":"32.4 kB"}},"mkdirp":{"name":"mkdirp","install":{"bytes":20006,"pretty":"19.5 kB"},"publish":{"bytes":19986,"pretty":"19.5 kB"}},"mobx":{"name":"mobx","install":{"bytes":3855379,"pretty":"3.68 MB"},"publish":{"bytes":3855379,"pretty":"3.68 MB"}},"mobx-react":{"name":"mobx-react","install":{"bytes":1082831,"pretty":"1.03 MB"},"publish":{"bytes":617430,"pretty":"603 kB"}},"mocha":{"name":"mocha","install":{"bytes":6839332,"pretty":"6.52 MB"},"publish":{"bytes":3794544,"pretty":"3.62 MB"}},"mockjs":{"name":"mockjs","install":{"bytes":1995952,"pretty":"1.90 MB"},"publish":{"bytes":1888146,"pretty":"1.80 MB"}},"moment":{"name":"moment","install":{"bytes":4210593,"pretty":"4.02 MB"},"publish":{"bytes":4210593,"pretty":"4.02 MB"}},"moment-timezone":{"name":"moment-timezone","install":{"bytes":5445243,"pretty":"5.19 MB"},"publish":{"bytes":1234585,"pretty":"1.18 MB"}},"mongodb":{"name":"mongodb","install":{"bytes":8274855,"pretty":"7.89 MB"},"publish":{"bytes":2726017,"pretty":"2.60 MB"}},"mongoose":{"name":"mongoose","install":{"bytes":11577510,"pretty":"11.0 MB"},"publish":{"bytes":2548352,"pretty":"2.43 MB"}},"morgan":{"name":"morgan","install":{"bytes":189795,"pretty":"185 kB"},"publish":{"bytes":30736,"pretty":"30.0 kB"}},"mqtt":{"name":"mqtt","install":{"bytes":1708081,"pretty":"1.63 MB"},"publish":{"bytes":704135,"pretty":"688 kB"}},"ms":{"name":"ms","install":{"bytes":7604,"pretty":"7.43 kB"},"publish":{"bytes":7604,"pretty":"7.43 kB"}},"mssql":{"name":"mssql","install":{"bytes":34826190,"pretty":"33.2 MB"},"publish":{"bytes":260937,"pretty":"255 kB"}},"multer":{"name":"multer","install":{"bytes":1451643,"pretty":"1.38 MB"},"publish":{"bytes":28618,"pretty":"27.9 kB"}},"multimatch":{"name":"multimatch","install":{"bytes":84786,"pretty":"82.8 kB"},"publish":{"bytes":6839,"pretty":"6.68 kB"}},"mustache":{"name":"mustache","install":{"bytes":114627,"pretty":"112 kB"},"publish":{"bytes":114603,"pretty":"112 kB"}},"mysql":{"name":"mysql","install":{"bytes":1085065,"pretty":"1.03 MB"},"publish":{"bytes":482663,"pretty":"471 kB"}},"mysql2":{"name":"mysql2","install":{"bytes":1200524,"pretty":"1.14 MB"},"publish":{"bytes":454751,"pretty":"444 kB"}},"mz":{"name":"mz","install":{"bytes":56680,"pretty":"55.4 kB"},"publish":{"bytes":10612,"pretty":"10.4 kB"}},"nan":{"name":"nan","install":{"bytes":423485,"pretty":"414 kB"},"publish":{"bytes":423485,"pretty":"414 kB"}},"nanoid":{"name":"nanoid","install":{"bytes":26791,"pretty":"26.2 kB"},"publish":{"bytes":26767,"pretty":"26.1 kB"}},"nconf":{"name":"nconf","install":{"bytes":975376,"pretty":"953 kB"},"publish":{"bytes":159408,"pretty":"156 kB"}},"ncp":{"name":"ncp","install":{"bytes":18794,"pretty":"18.4 kB"},"publish":{"bytes":18780,"pretty":"18.3 kB"}},"nedb":{"name":"nedb","install":{"bytes":2712711,"pretty":"2.59 MB"},"publish":{"bytes":1301853,"pretty":"1.24 MB"}},"needle":{"name":"needle","install":{"bytes":725649,"pretty":"709 kB"},"publish":{"bytes":228250,"pretty":"223 kB"}},"nib":{"name":"nib","install":{"bytes":1606819,"pretty":"1.53 MB"},"publish":{"bytes":208008,"pretty":"203 kB"}},"nock":{"name":"nock","install":{"bytes":284605,"pretty":"278 kB"},"publish":{"bytes":179456,"pretty":"175 kB"}},"node-cache":{"name":"node-cache","install":{"bytes":75033,"pretty":"73.3 kB"},"publish":{"bytes":57450,"pretty":"56.1 kB"}},"node-dir":{"name":"node-dir","install":{"bytes":86362,"pretty":"84.3 kB"},"publish":{"bytes":26932,"pretty":"26.3 kB"}},"node-emoji":{"name":"node-emoji","install":{"bytes":1638102,"pretty":"1.56 MB"},"publish":{"bytes":224617,"pretty":"219 kB"}},"node-fetch":{"name":"node-fetch","install":{"bytes":7794893,"pretty":"7.43 MB"},"publish":{"bytes":100493,"pretty":"98.1 kB"}},"node-forge":{"name":"node-forge","install":{"bytes":1692089,"pretty":"1.61 MB"},"publish":{"bytes":1692089,"pretty":"1.61 MB"}},"node-gyp":{"name":"node-gyp","install":{"bytes":4626318,"pretty":"4.41 MB"},"publish":{"bytes":1978910,"pretty":"1.89 MB"}},"node-notifier":{"name":"node-notifier","install":{"bytes":6015483,"pretty":"5.74 MB"},"publish":{"bytes":5690285,"pretty":"5.43 MB"}},"node-pre-gyp":{"name":"node-pre-gyp","install":{"bytes":1998427,"pretty":"1.91 MB"},"publish":{"bytes":155990,"pretty":"152 kB"}},"node-sass":{"name":"node-sass","install":{"bytes":15909249,"pretty":"15.2 MB"},"publish":{"bytes":5234585,"pretty":"4.99 MB"}},"node-schedule":{"name":"node-schedule","install":{"bytes":3299437,"pretty":"3.15 MB"},"publish":{"bytes":34045,"pretty":"33.2 kB"}},"node-static":{"name":"node-static","install":{"bytes":244210,"pretty":"238 kB"},"publish":{"bytes":42962,"pretty":"42.0 kB"}},"node-uuid":{"name":"node-uuid","install":{"bytes":39057,"pretty":"38.1 kB"},"publish":{"bytes":39036,"pretty":"38.1 kB"}},"node-watch":{"name":"node-watch","install":{"bytes":26518,"pretty":"25.9 kB"},"publish":{"bytes":26518,"pretty":"25.9 kB"}},"node.extend":{"name":"node.extend","install":{"bytes":127379,"pretty":"124 kB"},"publish":{"bytes":39498,"pretty":"38.6 kB"}},"nodegit":{"name":"nodegit","install":{"bytes":44951890,"pretty":"42.9 MB"},"publish":{"bytes":32702631,"pretty":"31.2 MB"}},"nodemailer":{"name":"nodemailer","install":{"bytes":479912,"pretty":"469 kB"},"publish":{"bytes":479912,"pretty":"469 kB"}},"nodemon":{"name":"nodemon","install":{"bytes":2217646,"pretty":"2.11 MB"},"publish":{"bytes":197329,"pretty":"193 kB"}},"nomnom":{"name":"nomnom","install":{"bytes":118878,"pretty":"116 kB"},"publish":{"bytes":38072,"pretty":"37.2 kB"}},"nopt":{"name":"nopt","install":{"bytes":32487,"pretty":"31.7 kB"},"publish":{"bytes":26724,"pretty":"26.1 kB"}},"normalize-url":{"name":"normalize-url","install":{"bytes":23616,"pretty":"23.1 kB"},"publish":{"bytes":23616,"pretty":"23.1 kB"}},"normalize-wheel":{"name":"normalize-wheel","install":{"bytes":20495,"pretty":"20.0 kB"},"publish":{"bytes":20495,"pretty":"20.0 kB"}},"normalize.css":{"name":"normalize.css","install":{"bytes":17297,"pretty":"16.9 kB"},"publish":{"bytes":17297,"pretty":"16.9 kB"}},"npm":{"name":"npm","install":{"bytes":8786103,"pretty":"8.38 MB"},"publish":{"bytes":8786061,"pretty":"8.38 MB"}},"npm-run-all":{"name":"npm-run-all","install":{"bytes":1097444,"pretty":"1.05 MB"},"publish":{"bytes":93417,"pretty":"91.2 kB"}},"npmlog":{"name":"npmlog","install":{"bytes":400065,"pretty":"391 kB"},"publish":{"bytes":17721,"pretty":"17.3 kB"}},"nprogress":{"name":"nprogress","install":{"bytes":32645,"pretty":"31.9 kB"},"publish":{"bytes":32645,"pretty":"31.9 kB"}},"numeral":{"name":"numeral","install":{"bytes":336545,"pretty":"329 kB"},"publish":{"bytes":336545,"pretty":"329 kB"}},"nunjucks":{"name":"nunjucks","install":{"bytes":1912136,"pretty":"1.82 MB"},"publish":{"bytes":1760427,"pretty":"1.68 MB"}},"nyc":{"name":"nyc","install":{"bytes":9267009,"pretty":"8.84 MB"},"publish":{"bytes":105551,"pretty":"103 kB"}},"oauth":{"name":"oauth","install":{"bytes":130372,"pretty":"127 kB"},"publish":{"bytes":130372,"pretty":"127 kB"}},"object-assign":{"name":"object-assign","install":{"bytes":6447,"pretty":"6.30 kB"},"publish":{"bytes":6447,"pretty":"6.30 kB"}},"object-hash":{"name":"object-hash","install":{"bytes":59851,"pretty":"58.4 kB"},"publish":{"bytes":59851,"pretty":"58.4 kB"}},"object-path":{"name":"object-path","install":{"bytes":61814,"pretty":"60.4 kB"},"publish":{"bytes":61814,"pretty":"60.4 kB"}},"object.assign":{"name":"object.assign","install":{"bytes":201785,"pretty":"197 kB"},"publish":{"bytes":63480,"pretty":"62.0 kB"}},"on-finished":{"name":"on-finished","install":{"bytes":20538,"pretty":"20.1 kB"},"publish":{"bytes":13346,"pretty":"13.0 kB"}},"once":{"name":"once","install":{"bytes":8574,"pretty":"8.37 kB"},"publish":{"bytes":4874,"pretty":"4.76 kB"}},"open":{"name":"open","install":{"bytes":61964,"pretty":"60.5 kB"},"publish":{"bytes":47417,"pretty":"46.3 kB"}},"opener":{"name":"opener","install":{"bytes":7189,"pretty":"7.02 kB"},"publish":{"bytes":7162,"pretty":"6.99 kB"}},"opn":{"name":"opn","install":{"bytes":38316,"pretty":"37.4 kB"},"publish":{"bytes":34525,"pretty":"33.7 kB"}},"optimist":{"name":"optimist","install":{"bytes":108319,"pretty":"106 kB"},"publish":{"bytes":47633,"pretty":"46.5 kB"}},"optimize-css-assets-webpack-plugin":{"name":"optimize-css-assets-webpack-plugin","install":{"bytes":10888690,"pretty":"10.4 MB"},"publish":{"bytes":19063,"pretty":"18.6 kB"}},"ora":{"name":"ora","install":{"bytes":610897,"pretty":"597 kB"},"publish":{"bytes":26028,"pretty":"25.4 kB"}},"os":{"name":"os","install":{"bytes":1568,"pretty":"1.53 kB"},"publish":{"bytes":1568,"pretty":"1.53 kB"}},"osenv":{"name":"osenv","install":{"bytes":13941,"pretty":"13.6 kB"},"publish":{"bytes":5824,"pretty":"5.69 kB"}},"pako":{"name":"pako","install":{"bytes":1581719,"pretty":"1.51 MB"},"publish":{"bytes":1581719,"pretty":"1.51 MB"}},"parse5":{"name":"parse5","install":{"bytes":331876,"pretty":"324 kB"},"publish":{"bytes":331876,"pretty":"324 kB"}},"parseurl":{"name":"parseurl","install":{"bytes":11347,"pretty":"11.1 kB"},"publish":{"bytes":11347,"pretty":"11.1 kB"}},"passport":{"name":"passport","install":{"bytes":75046,"pretty":"73.3 kB"},"publish":{"bytes":66167,"pretty":"64.6 kB"}},"passport-local":{"name":"passport-local","install":{"bytes":14840,"pretty":"14.5 kB"},"publish":{"bytes":8866,"pretty":"8.66 kB"}},"passport-oauth":{"name":"passport-oauth","install":{"bytes":216902,"pretty":"212 kB"},"publish":{"bytes":5276,"pretty":"5.15 kB"}},"passport-oauth2":{"name":"passport-oauth2","install":{"bytes":190048,"pretty":"186 kB"},"publish":{"bytes":36292,"pretty":"35.4 kB"}},"passport-strategy":{"name":"passport-strategy","install":{"bytes":5921,"pretty":"5.78 kB"},"publish":{"bytes":5921,"pretty":"5.78 kB"}},"path":{"name":"path","install":{"bytes":59467,"pretty":"58.1 kB"},"publish":{"bytes":19625,"pretty":"19.2 kB"}},"path-exists":{"name":"path-exists","install":{"bytes":5171,"pretty":"5.05 kB"},"publish":{"bytes":5171,"pretty":"5.05 kB"}},"path-is-absolute":{"name":"path-is-absolute","install":{"bytes":4812,"pretty":"4.70 kB"},"publish":{"bytes":4812,"pretty":"4.70 kB"}},"path-to-regexp":{"name":"path-to-regexp","install":{"bytes":112198,"pretty":"110 kB"},"publish":{"bytes":112198,"pretty":"110 kB"}},"pg":{"name":"pg","install":{"bytes":646279,"pretty":"631 kB"},"publish":{"bytes":72354,"pretty":"70.7 kB"}}}