{"history":{"name":"history","install":{"bytes":236195,"pretty":"231 kB"},"publish":{"bytes":57611,"pretty":"56.3 kB"}},"hoek":{"name":"hoek","install":{"bytes":32144,"pretty":"31.4 kB"},"publish":{"bytes":32144,"pretty":"31.4 kB"}},"hogan.js":{"name":"hogan.js","install":{"bytes":1406095,"pretty":"1.34 MB"},"publish":{"bytes":1356609,"pretty":"1.29 MB"}},"hoist-non-react-statics":{"name":"hoist-non-react-statics","install":{"bytes":64739,"pretty":"63.2 kB"},"publish":{"bytes":39942,"pretty":"39.0 kB"}},"html-entities":{"name":"html-entities","install":{"bytes":100406,"pretty":"98.1 kB"},"publish":{"bytes":100406,"pretty":"98.1 kB"}},"html-loader":{"name":"html-loader","install":{"bytes":4627678,"pretty":"4.41 MB"},"publish":{"bytes":69606,"pretty":"68.0 kB"}},"html-minifier":{"name":"html-minifier","install":{"bytes":2307138,"pretty":"2.20 MB"},"publish":{"bytes":97841,"pretty":"95.5 kB"}},"html-webpack-plugin":{"name":"html-webpack-plugin","install":{"bytes":6546038,"pretty":"6.24 MB"},"publish":{"bytes":152888,"pretty":"149 kB"}},"htmlparser2":{"name":"htmlparser2","install":{"bytes":446209,"pretty":"436 kB"},"publish":{"bytes":90596,"pretty":"88.5 kB"}},"http":{"name":"http","install":{"bytes":1448,"pretty":"1.41 kB"},"publish":{"bytes":1448,"pretty":"1.41 kB"}},"http-errors":{"name":"http-errors","install":{"bytes":78626,"pretty":"76.8 kB"},"publish":{"bytes":19418,"pretty":"19.0 kB"}},"http-proxy":{"name":"http-proxy","install":{"bytes":393785,"pretty":"385 kB"},"publish":{"bytes":232819,"pretty":"227 kB"}},"http-proxy-middleware":{"name":"http-proxy-middleware","install":{"bytes":1438932,"pretty":"1.37 MB"},"publish":{"bytes":64471,"pretty":"63.0 kB"}},"http-server":{"name":"http-server","install":{"bytes":3681535,"pretty":"3.51 MB"},"publish":{"bytes":125379,"pretty":"122 kB"}},"http-status":{"name":"http-status","install":{"bytes":68488,"pretty":"66.9 kB"},"publish":{"bytes":68488,"pretty":"66.9 kB"}},"http-status-codes":{"name":"http-status-codes","install":{"bytes":215551,"pretty":"210 kB"},"publish":{"bytes":215551,"pretty":"210 kB"}},"https":{"name":"https","install":{"bytes":1041,"pretty":"1.02 kB"},"publish":{"bytes":1041,"pretty":"1.02 kB"}},"https-proxy-agent":{"name":"https-proxy-agent","install":{"bytes":142752,"pretty":"139 kB"},"publish":{"bytes":27132,"pretty":"26.5 kB"}},"husky":{"name":"husky","install":{"bytes":6990,"pretty":"6.83 kB"},"publish":{"bytes":6971,"pretty":"6.81 kB"}},"hyperquest":{"name":"hyperquest","install":{"bytes":250332,"pretty":"244 kB"},"publish":{"bytes":24928,"pretty":"24.3 kB"}},"i":{"name":"i","install":{"bytes":56862,"pretty":"55.5 kB"},"publish":{"bytes":56862,"pretty":"55.5 kB"}},"i18next":{"name":"i18next","install":{"bytes":831552,"pretty":"812 kB"},"publish":{"bytes":652965,"pretty":"638 kB"}},"iconv-lite":{"name":"iconv-lite","install":{"bytes":392472,"pretty":"383 kB"},"publish":{"bytes":349218,"pretty":"341 kB"}},"identity-obj-proxy":{"name":"identity-obj-proxy","install":{"bytes":98847,"pretty":"96.5 kB"},"publish":{"bytes":9202,"pretty":"8.99 kB"}},"image-size":{"name":"image-size","install":{"bytes":69388,"pretty":"67.8 kB"},"publish":{"bytes":45813,"pretty":"44.7 kB"}},"imagemin":{"name":"imagemin","install":{"bytes":1054653,"pretty":"1.01 MB"},"publish":{"bytes":8203,"pretty":"8.01 kB"}}}