{"three":{"name":"three","install":{"bytes":29128227,"pretty":"27.8 MB"},"publish":{"bytes":29128227,"pretty":"27.8 MB"}},"throttle-debounce":{"name":"throttle-debounce","install":{"bytes":69050,"pretty":"67.4 kB"},"publish":{"bytes":69050,"pretty":"67.4 kB"}},"through":{"name":"through","install":{"bytes":13341,"pretty":"13.0 kB"},"publish":{"bytes":13341,"pretty":"13.0 kB"}},"through2":{"name":"through2","install":{"bytes":193152,"pretty":"189 kB"},"publish":{"bytes":10278,"pretty":"10.0 kB"}},"tildify":{"name":"tildify","install":{"bytes":3890,"pretty":"3.80 kB"},"publish":{"bytes":3890,"pretty":"3.80 kB"}},"tinycolor2":{"name":"tinycolor2","install":{"bytes":415382,"pretty":"406 kB"},"publish":{"bytes":415382,"pretty":"406 kB"}},"tmp":{"name":"tmp","install":{"bytes":225671,"pretty":"220 kB"},"publish":{"bytes":53784,"pretty":"52.5 kB"}},"touch":{"name":"touch","install":{"bytes":44695,"pretty":"43.6 kB"},"publish":{"bytes":11217,"pretty":"11.0 kB"}},"tough-cookie":{"name":"tough-cookie","install":{"bytes":570677,"pretty":"557 kB"},"publish":{"bytes":98743,"pretty":"96.4 kB"}},"tracer":{"name":"tracer","install":{"bytes":136933,"pretty":"134 kB"},"publish":{"bytes":38160,"pretty":"37.3 kB"}},"traverse":{"name":"traverse","install":{"bytes":48180,"pretty":"47.1 kB"},"publish":{"bytes":48180,"pretty":"47.1 kB"}},"ts-jest":{"name":"ts-jest","install":{"bytes":2922175,"pretty":"2.79 MB"},"publish":{"bytes":242221,"pretty":"237 kB"}},"ts-loader":{"name":"ts-loader","install":{"bytes":967995,"pretty":"945 kB"},"publish":{"bytes":248816,"pretty":"243 kB"}},"ts-node":{"name":"ts-node","install":{"bytes":1621422,"pretty":"1.55 MB"},"publish":{"bytes":546423,"pretty":"534 kB"}},"ts-pnp":{"name":"ts-pnp","install":{"bytes":8661,"pretty":"8.46 kB"},"publish":{"bytes":8661,"pretty":"8.46 kB"}},"tslib":{"name":"tslib","install":{"bytes":39730,"pretty":"38.8 kB"},"publish":{"bytes":39730,"pretty":"38.8 kB"}},"tslint":{"name":"tslint","install":{"bytes":3998327,"pretty":"3.81 MB"},"publish":{"bytes":1894809,"pretty":"1.81 MB"}},"tslint-config-prettier":{"name":"tslint-config-prettier","install":{"bytes":14664,"pretty":"14.3 kB"},"publish":{"bytes":14626,"pretty":"14.3 kB"}},"tslint-react":{"name":"tslint-react","install":{"bytes":354325,"pretty":"346 kB"},"publish":{"bytes":127399,"pretty":"124 kB"}},"tv4":{"name":"tv4","install":{"bytes":97782,"pretty":"95.5 kB"},"publish":{"bytes":97782,"pretty":"95.5 kB"}},"tweetnacl":{"name":"tweetnacl","install":{"bytes":175698,"pretty":"172 kB"},"publish":{"bytes":175698,"pretty":"172 kB"}},"type-is":{"name":"type-is","install":{"bytes":237851,"pretty":"232 kB"},"publish":{"bytes":19532,"pretty":"19.1 kB"}},"typeorm":{"name":"typeorm","install":{"bytes":23273353,"pretty":"22.2 MB"},"publish":{"bytes":17990608,"pretty":"17.2 MB"}},"typescript":{"name":"typescript","install":{"bytes":63994277,"pretty":"61.0 MB"},"publish":{"bytes":63994230,"pretty":"61.0 MB"}},"uglify-es":{"name":"uglify-es","install":{"bytes":1633183,"pretty":"1.56 MB"},"publish":{"bytes":768522,"pretty":"751 kB"}},"uglify-js":{"name":"uglify-js","install":{"bytes":1180538,"pretty":"1.13 MB"},"publish":{"bytes":1180513,"pretty":"1.13 MB"}},"uglifyjs-webpack-plugin":{"name":"uglifyjs-webpack-plugin","install":{"bytes":5223631,"pretty":"4.98 MB"},"publish":{"bytes":66714,"pretty":"65.2 kB"}},"underscore":{"name":"underscore","install":{"bytes":902236,"pretty":"881 kB"},"publish":{"bytes":902236,"pretty":"881 kB"}},"underscore.string":{"name":"underscore.string","install":{"bytes":186766,"pretty":"182 kB"},"publish":{"bytes":139228,"pretty":"136 kB"}},"unique-random-array":{"name":"unique-random-array","install":{"bytes":10113,"pretty":"9.88 kB"},"publish":{"bytes":5007,"pretty":"4.89 kB"}},"unist-util-visit":{"name":"unist-util-visit","install":{"bytes":62929,"pretty":"61.5 kB"},"publish":{"bytes":13551,"pretty":"13.2 kB"}},"unzip":{"name":"unzip","install":{"bytes":663124,"pretty":"648 kB"},"publish":{"bytes":35796,"pretty":"35.0 kB"}},"update-notifier":{"name":"update-notifier","install":{"bytes":1440530,"pretty":"1.37 MB"},"publish":{"bytes":16387,"pretty":"16.0 kB"}},"urijs":{"name":"urijs","install":{"bytes":190765,"pretty":"186 kB"},"publish":{"bytes":190765,"pretty":"186 kB"}},"url":{"name":"url","install":{"bytes":135487,"pretty":"132 kB"},"publish":{"bytes":77639,"pretty":"75.8 kB"}},"url-join":{"name":"url-join","install":{"bytes":19252,"pretty":"18.8 kB"},"publish":{"bytes":19252,"pretty":"18.8 kB"}},"url-loader":{"name":"url-loader","install":{"bytes":2301297,"pretty":"2.19 MB"},"publish":{"bytes":30519,"pretty":"29.8 kB"}}}