{"immer":{"name":"immer","install":{"bytes":837584,"pretty":"818 kB"},"publish":{"bytes":837584,"pretty":"818 kB"}},"immutability-helper":{"name":"immutability-helper","install":{"bytes":29628,"pretty":"28.9 kB"},"publish":{"bytes":29628,"pretty":"28.9 kB"}},"immutable":{"name":"immutable","install":{"bytes":664530,"pretty":"649 kB"},"publish":{"bytes":664530,"pretty":"649 kB"}},"inert":{"name":"inert","install":{"bytes":491303,"pretty":"480 kB"},"publish":{"bytes":36444,"pretty":"35.6 kB"}},"inflection":{"name":"inflection","install":{"bytes":50115,"pretty":"48.9 kB"},"publish":{"bytes":50115,"pretty":"48.9 kB"}},"inherits":{"name":"inherits","install":{"bytes":4884,"pretty":"4.77 kB"},"publish":{"bytes":4884,"pretty":"4.77 kB"}},"ini":{"name":"ini","install":{"bytes":10349,"pretty":"10.1 kB"},"publish":{"bytes":10349,"pretty":"10.1 kB"}},"iniparser":{"name":"iniparser","install":{"bytes":6661,"pretty":"6.50 kB"},"publish":{"bytes":6661,"pretty":"6.50 kB"}},"inquirer":{"name":"inquirer","install":{"bytes":7365956,"pretty":"7.02 MB"},"publish":{"bytes":88417,"pretty":"86.3 kB"}},"inquirer-autocomplete-prompt":{"name":"inquirer-autocomplete-prompt","install":{"bytes":5443682,"pretty":"5.19 MB"},"publish":{"bytes":16903,"pretty":"16.5 kB"}},"install":{"name":"install","install":{"bytes":31304,"pretty":"30.6 kB"},"publish":{"bytes":31304,"pretty":"30.6 kB"}},"intl":{"name":"intl","install":{"bytes":22229508,"pretty":"21.2 MB"},"publish":{"bytes":22229508,"pretty":"21.2 MB"}},"invariant":{"name":"invariant","install":{"bytes":31549,"pretty":"30.8 kB"},"publish":{"bytes":8614,"pretty":"8.41 kB"}},"inversify":{"name":"inversify","install":{"bytes":1870202,"pretty":"1.78 MB"},"publish":{"bytes":1870202,"pretty":"1.78 MB"}},"ioredis":{"name":"ioredis","install":{"bytes":532175,"pretty":"520 kB"},"publish":{"bytes":307331,"pretty":"300 kB"}},"ip":{"name":"ip","install":{"bytes":36573,"pretty":"35.7 kB"},"publish":{"bytes":36573,"pretty":"35.7 kB"}},"is":{"name":"is","install":{"bytes":58241,"pretty":"56.9 kB"},"publish":{"bytes":58241,"pretty":"56.9 kB"}},"is-plain-object":{"name":"is-plain-object","install":{"bytes":10232,"pretty":"9.99 kB"},"publish":{"bytes":10232,"pretty":"9.99 kB"}},"is-promise":{"name":"is-promise","install":{"bytes":3884,"pretty":"3.79 kB"},"publish":{"bytes":3884,"pretty":"3.79 kB"}},"is-url":{"name":"is-url","install":{"bytes":7496,"pretty":"7.32 kB"},"publish":{"bytes":7496,"pretty":"7.32 kB"}},"is-wsl":{"name":"is-wsl","install":{"bytes":8741,"pretty":"8.54 kB"},"publish":{"bytes":4763,"pretty":"4.65 kB"}},"isobject":{"name":"isobject","install":{"bytes":8776,"pretty":"8.57 kB"},"publish":{"bytes":8776,"pretty":"8.57 kB"}},"isomorphic-fetch":{"name":"isomorphic-fetch","install":{"bytes":220700,"pretty":"216 kB"},"publish":{"bytes":7202,"pretty":"7.03 kB"}},"istanbul":{"name":"istanbul","install":{"bytes":7090062,"pretty":"6.76 MB"},"publish":{"bytes":308978,"pretty":"302 kB"}},"iview":{"name":"iview","install":{"bytes":13811329,"pretty":"13.2 MB"},"publish":{"bytes":10838281,"pretty":"10.3 MB"}},"jade":{"name":"jade","install":{"bytes":4342636,"pretty":"4.14 MB"},"publish":{"bytes":456293,"pretty":"446 kB"}},"jasmine":{"name":"jasmine","install":{"bytes":604036,"pretty":"590 kB"},"publish":{"bytes":48415,"pretty":"47.3 kB"}},"jasmine-core":{"name":"jasmine-core","install":{"bytes":403064,"pretty":"394 kB"},"publish":{"bytes":403064,"pretty":"394 kB"}},"jest":{"name":"jest","install":{"bytes":26796972,"pretty":"25.6 MB"},"publish":{"bytes":67526,"pretty":"65.9 kB"}},"jest-environment-jsdom-fourteen":{"name":"jest-environment-jsdom-fourteen","install":{"bytes":23863180,"pretty":"22.8 MB"},"publish":{"bytes":9963,"pretty":"9.73 kB"}},"jest-pnp-resolver":{"name":"jest-pnp-resolver","install":{"bytes":6461,"pretty":"6.31 kB"},"publish":{"bytes":6461,"pretty":"6.31 kB"}},"jest-resolve":{"name":"jest-resolve","install":{"bytes":2991094,"pretty":"2.85 MB"},"publish":{"bytes":53546,"pretty":"52.3 kB"}},"jest-watch-typeahead":{"name":"jest-watch-typeahead","install":{"bytes":2810343,"pretty":"2.68 MB"},"publish":{"bytes":20213,"pretty":"19.7 kB"}},"jimp":{"name":"jimp","install":{"bytes":35449351,"pretty":"33.8 MB"},"publish":{"bytes":3064146,"pretty":"2.92 MB"}},"joi":{"name":"joi","install":{"bytes":660095,"pretty":"645 kB"},"publish":{"bytes":516458,"pretty":"504 kB"}},"jquery":{"name":"jquery","install":{"bytes":1319248,"pretty":"1.26 MB"},"publish":{"bytes":1319248,"pretty":"1.26 MB"}},"jquery-ui":{"name":"jquery-ui","install":{"bytes":15059223,"pretty":"14.4 MB"},"publish":{"bytes":13739887,"pretty":"13.1 MB"}},"js-base64":{"name":"js-base64","install":{"bytes":35851,"pretty":"35.0 kB"},"publish":{"bytes":35851,"pretty":"35.0 kB"}},"js-beautify":{"name":"js-beautify","install":{"bytes":1415125,"pretty":"1.35 MB"},"publish":{"bytes":951167,"pretty":"929 kB"}},"js-cookie":{"name":"js-cookie","install":{"bytes":28321,"pretty":"27.7 kB"},"publish":{"bytes":28321,"pretty":"27.7 kB"}},"js-yaml":{"name":"js-yaml","install":{"bytes":578429,"pretty":"565 kB"},"publish":{"bytes":405864,"pretty":"396 kB"}},"jsdoc":{"name":"jsdoc","install":{"bytes":7984963,"pretty":"7.62 MB"},"publish":{"bytes":1530448,"pretty":"1.46 MB"}},"jsdom":{"name":"jsdom","install":{"bytes":9424902,"pretty":"8.99 MB"},"publish":{"bytes":2833888,"pretty":"2.70 MB"}},"jshint":{"name":"jshint","install":{"bytes":5621946,"pretty":"5.36 MB"},"publish":{"bytes":3385774,"pretty":"3.23 MB"}},"json-loader":{"name":"json-loader","install":{"bytes":7745,"pretty":"7.56 kB"},"publish":{"bytes":7745,"pretty":"7.56 kB"}},"json-stable-stringify":{"name":"json-stable-stringify","install":{"bytes":30376,"pretty":"29.7 kB"},"publish":{"bytes":14855,"pretty":"14.5 kB"}},"json-stringify-safe":{"name":"json-stringify-safe","install":{"bytes":13631,"pretty":"13.3 kB"},"publish":{"bytes":13631,"pretty":"13.3 kB"}},"json5":{"name":"json5","install":{"bytes":276479,"pretty":"270 kB"},"publish":{"bytes":243208,"pretty":"238 kB"}},"jsonfile":{"name":"jsonfile","install":{"bytes":54976,"pretty":"53.7 kB"},"publish":{"bytes":20729,"pretty":"20.2 kB"}},"jsonschema":{"name":"jsonschema","install":{"bytes":78795,"pretty":"76.9 kB"},"publish":{"bytes":78795,"pretty":"76.9 kB"}},"jsonwebtoken":{"name":"jsonwebtoken","install":{"bytes":306706,"pretty":"300 kB"},"publish":{"bytes":74792,"pretty":"73.0 kB"}},"jszip":{"name":"jszip","install":{"bytes":1712023,"pretty":"1.63 MB"},"publish":{"bytes":662926,"pretty":"647 kB"}},"jwt-decode":{"name":"jwt-decode","install":{"bytes":30527,"pretty":"29.8 kB"},"publish":{"bytes":30527,"pretty":"29.8 kB"}},"jwt-simple":{"name":"jwt-simple","install":{"bytes":9931,"pretty":"9.70 kB"},"publish":{"bytes":9931,"pretty":"9.70 kB"}},"karma":{"name":"karma","install":{"bytes":10022655,"pretty":"9.56 MB"},"publish":{"bytes":540635,"pretty":"528 kB"}},"karma-chrome-launcher":{"name":"karma-chrome-launcher","install":{"bytes":52191,"pretty":"51.0 kB"},"publish":{"bytes":30054,"pretty":"29.3 kB"}},"karma-jasmine":{"name":"karma-jasmine","install":{"bytes":415858,"pretty":"406 kB"},"publish":{"bytes":41835,"pretty":"40.9 kB"}}}